Bus ID,Route,Chauffeur,Stops
1,D,Chauffeur 85,"Stop 5,Stop 9,Stop 7,Stop 8,Stop 4,Stop 6,Stop 2,Stop 3,Stop 1"
2,B,Chauffeur 87,"Stop 9,Stop 4,Stop 1"
3,J,Chauffeur 29,"Stop 8,Stop 7,Stop 3"
4,J,Chauffeur 32,"Stop 2,Stop 4,Stop 5,Stop 9,Stop 8,Stop 7,Stop 3,Stop 10"
5,J,Chauffeur 51,"Stop 4,Stop 8,Stop 10,Stop 6,Stop 9"
6,C,Chauffeur 56,"Stop 5,Stop 6,Stop 9,Stop 3,Stop 4,Stop 8,Stop 10"
7,H,Chauffeur 46,"Stop 10,Stop 4,Stop 8"
8,F,Chauffeur 58,"Stop 10,Stop 5,Stop 4,Stop 2,Stop 9,Stop 1,Stop 3"
9,C,Chauffeur 82,"Stop 10,Stop 1,Stop 6,Stop 9,Stop 2,Stop 7,Stop 3,Stop 8,Stop 4"
10,A,Chauffeur 36,"Stop 4,Stop 8,Stop 5,Stop 10,Stop 7,Stop 2,Stop 6,Stop 1,Stop 9"
11,J,Chauffeur 81,"Stop 4,Stop 5,Stop 8,Stop 6"
12,H,Chauffeur 42,"Stop 3,Stop 1,Stop 2,Stop 6,Stop 5,Stop 10,Stop 8"
13,I,Chauffeur 31,"Stop 2,Stop 3,Stop 4,Stop 1,Stop 7"
14,B,Chauffeur 42,"Stop 1,Stop 10,Stop 4,Stop 7,Stop 8,Stop 5,Stop 9,Stop 2"
15,F,Chauffeur 52,"Stop 6,Stop 2,Stop 10,Stop 1,Stop 9,Stop 3,Stop 4"
16,C,Chauffeur 6,"Stop 2,Stop 10,Stop 5,Stop 3,Stop 4,Stop 8,Stop 1,Stop 9"
17,G,Chauffeur 3,"Stop 3,Stop 4,Stop 7,Stop 6,Stop 8,Stop 9,Stop 10,Stop 1,Stop 5"
18,G,Chauffeur 73,"Stop 6,Stop 7,Stop 2"
19,F,Chauffeur 12,"Stop 10,Stop 3,Stop 5,Stop 7,Stop 9,Stop 8,Stop 1,Stop 4"
20,C,Chauffeur 92,"Stop 3,Stop 7,Stop 2,Stop 6,Stop 8,Stop 5,Stop 1,Stop 4,Stop 9,Stop 10"
21,B,Chauffeur 70,"Stop 2,Stop 10,Stop 6,Stop 9,Stop 8,Stop 1,Stop 4"
22,I,Chauffeur 39,"Stop 3,Stop 5,Stop 8,Stop 2,Stop 4,Stop 7,Stop 1"
23,E,Chauffeur 90,"Stop 2,Stop 3,Stop 5,Stop 6,Stop 4,Stop 7,Stop 1,Stop 8"
24,H,Chauffeur 28,"Stop 8,Stop 2,Stop 10,Stop 4,Stop 9"
25,I,Chauffeur 81,"Stop 4,Stop 10,Stop 2,Stop 7,Stop 5"
26,C,Chauffeur 62,"Stop 8,Stop 5,Stop 10"
27,C,Chauffeur 77,"Stop 9,Stop 3,Stop 6,Stop 1,Stop 7,Stop 8,Stop 5"
28,C,Chauffeur 32,"Stop 7,Stop 9,Stop 8,Stop 1,Stop 10,Stop 3,Stop 5,Stop 6,Stop 4"
29,I,Chauffeur 87,"Stop 5,Stop 10,Stop 4,Stop 7,Stop 1,Stop 9,Stop 3,Stop 6,Stop 2,Stop 8"
30,A,Chauffeur 67,"Stop 6,Stop 4,Stop 10,Stop 5,Stop 7,Stop 3,Stop 1,Stop 2"
31,A,Chauffeur 60,"Stop 3,Stop 8,Stop 10,Stop 1,Stop 2,Stop 6,Stop 4"
32,F,Chauffeur 4,"Stop 8,Stop 3,Stop 6,Stop 2,Stop 1,Stop 10,Stop 5,Stop 4,Stop 7"
33,G,Chauffeur 4,"Stop 3,Stop 10,Stop 4,Stop 6"
34,A,Chauffeur 72,"Stop 8,Stop 2,Stop 9,Stop 1,Stop 10,Stop 7,Stop 3,Stop 6"
35,I,Chauffeur 26,"Stop 3,Stop 6,Stop 5,Stop 2,Stop 1"
36,A,Chauffeur 87,"Stop 8,Stop 9,Stop 3,Stop 1,Stop 2,Stop 10"
37,I,Chauffeur 54,"Stop 2,Stop 1,Stop 3,Stop 4,Stop 10,Stop 8"
38,D,Chauffeur 15,"Stop 10,Stop 7,Stop 1,Stop 9,Stop 2,Stop 8,Stop 5,Stop 3"
39,G,Chauffeur 72,"Stop 2,Stop 9,Stop 5,Stop 8,Stop 6,Stop 7,Stop 10,Stop 3,Stop 1"
40,E,Chauffeur 78,"Stop 7,Stop 8,Stop 9,Stop 10,Stop 5,Stop 2,Stop 4"
41,H,Chauffeur 70,"Stop 8,Stop 1,Stop 7,Stop 3,Stop 5,Stop 9,Stop 10,Stop 2"
42,C,Chauffeur 5,"Stop 2,Stop 9,Stop 5,Stop 10,Stop 1,Stop 3,Stop 4,Stop 8,Stop 6,Stop 7"
43,B,Chauffeur 14,"Stop 9,Stop 3,Stop 10"
44,B,Chauffeur 25,"Stop 7,Stop 6,Stop 4,Stop 3,Stop 8"
45,I,Chauffeur 99,"Stop 9,Stop 2,Stop 7,Stop 10,Stop 6,Stop 1,Stop 5,Stop 3,Stop 4,Stop 8"
46,B,Chauffeur 38,"Stop 5,Stop 1,Stop 4"
47,D,Chauffeur 13,"Stop 5,Stop 6,Stop 10,Stop 3"
48,B,Chauffeur 93,"Stop 5,Stop 9,Stop 1,Stop 6,Stop 4,Stop 7"
49,E,Chauffeur 4,"Stop 1,Stop 5,Stop 10,Stop 9,Stop 6,Stop 8,Stop 4"
50,F,Chauffeur 49,"Stop 4,Stop 8,Stop 3,Stop 2,Stop 1,Stop 6,Stop 9,Stop 5,Stop 10,Stop 7"
51,A,Chauffeur 21,"Stop 6,Stop 2,Stop 1,Stop 5,Stop 4,Stop 8,Stop 7"
52,J,Chauffeur 24,"Stop 9,Stop 4,Stop 8,Stop 6,Stop 10,Stop 3,Stop 2"
53,C,Chauffeur 65,"Stop 7,Stop 5,Stop 9,Stop 6,Stop 4,Stop 2,Stop 8,Stop 3,Stop 10"
54,G,Chauffeur 15,"Stop 8,Stop 2,Stop 7,Stop 3,Stop 5,Stop 4,Stop 6,Stop 10"
55,G,Chauffeur 22,"Stop 7,Stop 4,Stop 10,Stop 3,Stop 6,Stop 9,Stop 1"
56,G,Chauffeur 28,"Stop 9,Stop 6,Stop 3,Stop 7,Stop 1"
57,F,Chauffeur 52,"Stop 4,Stop 5,Stop 8,Stop 7,Stop 2"
58,H,Chauffeur 69,"Stop 3,Stop 4,Stop 6,Stop 9,Stop 1"
59,H,Chauffeur 70,"Stop 3,Stop 10,Stop 1,Stop 7,Stop 5"
60,B,Chauffeur 45,"Stop 4,Stop 8,Stop 10,Stop 2,Stop 5,Stop 9,Stop 3,Stop 7,Stop 1"
61,E,Chauffeur 22,"Stop 7,Stop 5,Stop 8,Stop 2,Stop 9,Stop 10,Stop 6"
62,F,Chauffeur 42,"Stop 2,Stop 1,Stop 5,Stop 9,Stop 3,Stop 7,Stop 6,Stop 8,Stop 10"
63,B,Chauffeur 45,"Stop 9,Stop 5,Stop 2,Stop 1,Stop 6,Stop 7"
64,H,Chauffeur 73,"Stop 8,Stop 3,Stop 1,Stop 7,Stop 10"
65,G,Chauffeur 90,"Stop 8,Stop 4,Stop 2,Stop 1,Stop 7"
66,C,Chauffeur 87,"Stop 8,Stop 1,Stop 5,Stop 4,Stop 7,Stop 9,Stop 2,Stop 3,Stop 6"
67,J,Chauffeur 27,"Stop 7,Stop 8,Stop 1,Stop 2,Stop 10,Stop 4,Stop 9,Stop 6,Stop 5"
68,G,Chauffeur 89,"Stop 4,Stop 9,Stop 7,Stop 6"
69,I,Chauffeur 14,"Stop 5,Stop 4,Stop 6,Stop 2,Stop 3"
70,B,Chauffeur 91,"Stop 1,Stop 5,Stop 7"
71,H,Chauffeur 4,"Stop 2,Stop 3,Stop 7,Stop 1,Stop 10"
72,A,Chauffeur 16,"Stop 3,Stop 10,Stop 4,Stop 2"
73,I,Chauffeur 91,"Stop 2,Stop 7,Stop 9,Stop 3"
74,A,Chauffeur 79,"Stop 3,Stop 6,Stop 5,Stop 9,Stop 10"
75,H,Chauffeur 16,"Stop 1,Stop 6,Stop 9,Stop 5,Stop 2,Stop 4,Stop 3,Stop 10,Stop 8,Stop 7"
76,J,Chauffeur 79,"Stop 1,Stop 4,Stop 3,Stop 7,Stop 2,Stop 6,Stop 5,Stop 8,Stop 9"
77,E,Chauffeur 54,"Stop 9,Stop 7,Stop 4,Stop 2,Stop 1,Stop 3,Stop 5"
78,C,Chauffeur 25,"Stop 8,Stop 3,Stop 5"
79,H,Chauffeur 58,"Stop 2,Stop 9,Stop 10,Stop 7,Stop 3,Stop 5,Stop 6,Stop 1,Stop 8,Stop 4"
80,E,Chauffeur 32,"Stop 1,Stop 4,Stop 9,Stop 6,Stop 7,Stop 5"
81,H,Chauffeur 77,"Stop 6,Stop 9,Stop 1,Stop 10,Stop 7,Stop 3,Stop 2,Stop 8"
82,B,Chauffeur 72,"Stop 2,Stop 1,Stop 8,Stop 9,Stop 4,Stop 6,Stop 10,Stop 7,Stop 3"
83,I,Chauffeur 92,"Stop 9,Stop 2,Stop 4,Stop 8,Stop 6,Stop 3,Stop 10,Stop 1"
84,G,Chauffeur 86,"Stop 1,Stop 2,Stop 5,Stop 8,Stop 3,Stop 7,Stop 6,Stop 9,Stop 10,Stop 4"
85,J,Chauffeur 74,"Stop 9,Stop 10,Stop 8,Stop 7,Stop 2,Stop 1"
86,A,Chauffeur 27,"Stop 8,Stop 10,Stop 9,Stop 3,Stop 7,Stop 1,Stop 4"
87,I,Chauffeur 75,"Stop 7,Stop 2,Stop 10,Stop 8,Stop 3,Stop 6"
88,G,Chauffeur 62,"Stop 2,Stop 10,Stop 7,Stop 8,Stop 3,Stop 9,Stop 5,Stop 6"
89,A,Chauffeur 82,"Stop 9,Stop 8,Stop 6"
90,F,Chauffeur 87,"Stop 10,Stop 1,Stop 6,Stop 5"
91,G,Chauffeur 65,"Stop 2,Stop 9,Stop 10,Stop 3,Stop 5,Stop 4,Stop 7,Stop 8"
92,I,Chauffeur 24,"Stop 6,Stop 7,Stop 3,Stop 5,Stop 4,Stop 2,Stop 10"
93,E,Chauffeur 38,"Stop 4,Stop 8,Stop 9,Stop 3,Stop 6,Stop 1"
94,H,Chauffeur 26,"Stop 8,Stop 7,Stop 4,Stop 1,Stop 5,Stop 9,Stop 2,Stop 6,Stop 10,Stop 3"
95,A,Chauffeur 20,"Stop 3,Stop 1,Stop 10,Stop 5"
96,H,Chauffeur 64,"Stop 7,Stop 4,Stop 10,Stop 6,Stop 8,Stop 5,Stop 1,Stop 2,Stop 9"
97,E,Chauffeur 53,"Stop 4,Stop 7,Stop 3,Stop 5,Stop 1,Stop 8,Stop 10,Stop 9"
98,E,Chauffeur 55,"Stop 10,Stop 3,Stop 1,Stop 4,Stop 7,Stop 9,Stop 2,Stop 8,Stop 6,Stop 5"
99,H,Chauffeur 80,"Stop 1,Stop 2,Stop 6"
100,B,Chauffeur 67,"Stop 10,Stop 2,Stop 3,Stop 8,Stop 7,Stop 9,Stop 4"
101,J,Chauffeur 56,"Stop 1,Stop 5,Stop 8,Stop 4,Stop 6,Stop 3,Stop 7,Stop 10"
102,H,Chauffeur 93,"Stop 3,Stop 6,Stop 9,Stop 7,Stop 5,Stop 2,Stop 1,Stop 8"
103,E,Chauffeur 55,"Stop 5,Stop 1,Stop 8,Stop 3,Stop 6,Stop 9,Stop 10,Stop 7"
104,C,Chauffeur 66,"Stop 9,Stop 7,Stop 1,Stop 8,Stop 3,Stop 4,Stop 10"
105,F,Chauffeur 73,"Stop 7,Stop 6,Stop 8,Stop 1,Stop 3,Stop 4,Stop 5"
106,J,Chauffeur 79,"Stop 4,Stop 1,Stop 7,Stop 10"
107,E,Chauffeur 10,"Stop 1,Stop 2,Stop 8"
108,G,Chauffeur 1,"Stop 7,Stop 9,Stop 8,Stop 2,Stop 4,Stop 10,Stop 5,Stop 3,Stop 6,Stop 1"
109,I,Chauffeur 16,"Stop 10,Stop 4,Stop 8,Stop 9,Stop 5,Stop 3,Stop 6"
110,C,Chauffeur 88,"Stop 8,Stop 3,Stop 5"
111,F,Chauffeur 45,"Stop 7,Stop 8,Stop 9,Stop 6,Stop 4"
112,C,Chauffeur 54,"Stop 4,Stop 5,Stop 10"
113,E,Chauffeur 8,"Stop 7,Stop 8,Stop 3,Stop 10,Stop 6"
114,I,Chauffeur 57,"Stop 7,Stop 4,Stop 8,Stop 6,Stop 10,Stop 9,Stop 3"
115,H,Chauffeur 37,"Stop 3,Stop 4,Stop 1,Stop 8,Stop 10,Stop 2,Stop 7,Stop 9"
116,C,Chauffeur 99,"Stop 10,Stop 1,Stop 8,Stop 5"
117,I,Chauffeur 10,"Stop 8,Stop 6,Stop 1,Stop 2,Stop 10"
118,A,Chauffeur 94,"Stop 9,Stop 10,Stop 4,Stop 8,Stop 1"
119,E,Chauffeur 63,"Stop 10,Stop 1,Stop 4,Stop 5,Stop 6,Stop 7,Stop 9,Stop 8"
120,D,Chauffeur 16,"Stop 5,Stop 2,Stop 7,Stop 4,Stop 9,Stop 6,Stop 10,Stop 3,Stop 8,Stop 1"
121,D,Chauffeur 37,"Stop 7,Stop 10,Stop 9,Stop 2,Stop 3"
122,E,Chauffeur 90,"Stop 4,Stop 6,Stop 2,Stop 3,Stop 7"
123,G,Chauffeur 76,"Stop 4,Stop 10,Stop 6,Stop 3,Stop 9,Stop 5,Stop 8,Stop 2,Stop 7"
124,B,Chauffeur 29,"Stop 3,Stop 2,Stop 8,Stop 4,Stop 1,Stop 10,Stop 5,Stop 7,Stop 9,Stop 6"
125,H,Chauffeur 10,"Stop 8,Stop 3,Stop 5"
126,E,Chauffeur 4,"Stop 7,Stop 3,Stop 2,Stop 1,Stop 6,Stop 5,Stop 10,Stop 8,Stop 9"
127,H,Chauffeur 89,"Stop 2,Stop 1,Stop 10,Stop 4"
128,E,Chauffeur 45,"Stop 8,Stop 2,Stop 1,Stop 6,Stop 5,Stop 3"
129,A,Chauffeur 70,"Stop 3,Stop 5,Stop 4,Stop 6,Stop 8,Stop 9,Stop 7,Stop 2,Stop 10,Stop 1"
130,B,Chauffeur 92,"Stop 1,Stop 5,Stop 4"
131,I,Chauffeur 75,"Stop 9,Stop 3,Stop 7,Stop 2,Stop 1,Stop 4,Stop 8,Stop 10,Stop 5"
132,H,Chauffeur 2,"Stop 6,Stop 8,Stop 5"
133,D,Chauffeur 5,"Stop 7,Stop 9,Stop 6,Stop 2,Stop 4"
134,I,Chauffeur 34,"Stop 2,Stop 5,Stop 1,Stop 7"
135,B,Chauffeur 62,"Stop 10,Stop 2,Stop 5,Stop 1"
136,E,Chauffeur 21,"Stop 8,Stop 4,Stop 6,Stop 10,Stop 3"
137,H,Chauffeur 86,"Stop 3,Stop 2,Stop 10,Stop 1,Stop 6,Stop 8"
138,G,Chauffeur 67,"Stop 3,Stop 9,Stop 8,Stop 7,Stop 1,Stop 2"
139,G,Chauffeur 39,"Stop 9,Stop 8,Stop 4"
140,I,Chauffeur 95,"Stop 4,Stop 7,Stop 1,Stop 9,Stop 10,Stop 8,Stop 6"
141,C,Chauffeur 63,"Stop 4,Stop 7,Stop 8,Stop 2,Stop 5,Stop 10,Stop 3,Stop 6,Stop 1"
142,D,Chauffeur 22,"Stop 3,Stop 4,Stop 10,Stop 9,Stop 8,Stop 1,Stop 6,Stop 2"
143,D,Chauffeur 96,"Stop 8,Stop 10,Stop 7"
144,J,Chauffeur 47,"Stop 3,Stop 10,Stop 7"
145,I,Chauffeur 21,"Stop 7,Stop 4,Stop 5,Stop 9,Stop 3,Stop 1,Stop 10,Stop 2"
146,D,Chauffeur 44,"Stop 6,Stop 3,Stop 10,Stop 7,Stop 8,Stop 4,Stop 1,Stop 5,Stop 2"
147,F,Chauffeur 28,"Stop 10,Stop 1,Stop 8,Stop 9,Stop 5,Stop 6,Stop 4,Stop 2,Stop 7"
148,C,Chauffeur 79,"Stop 8,Stop 10,Stop 3"
149,A,Chauffeur 49,"Stop 4,Stop 1,Stop 7,Stop 2,Stop 5,Stop 9,Stop 6,Stop 10,Stop 8,Stop 3"
150,E,Chauffeur 66,"Stop 3,Stop 7,Stop 9,Stop 8,Stop 4"
151,A,Chauffeur 15,"Stop 3,Stop 8,Stop 6"
152,D,Chauffeur 99,"Stop 1,Stop 8,Stop 7,Stop 10,Stop 2,Stop 3,Stop 4,Stop 5,Stop 9,Stop 6"
153,D,Chauffeur 1,"Stop 9,Stop 2,Stop 1"
154,J,Chauffeur 26,"Stop 7,Stop 1,Stop 8,Stop 6,Stop 3,Stop 5"
155,E,Chauffeur 18,"Stop 3,Stop 5,Stop 1,Stop 6,Stop 7,Stop 4"
156,B,Chauffeur 96,"Stop 8,Stop 6,Stop 10,Stop 5,Stop 1,Stop 7,Stop 2"
157,F,Chauffeur 4,"Stop 2,Stop 3,Stop 1,Stop 6,Stop 7,Stop 10"
158,J,Chauffeur 29,"Stop 8,Stop 6,Stop 9"
159,I,Chauffeur 10,"Stop 4,Stop 8,Stop 6,Stop 2,Stop 3,Stop 9,Stop 10,Stop 7"
160,D,Chauffeur 82,"Stop 9,Stop 10,Stop 8,Stop 7"
161,F,Chauffeur 50,"Stop 4,Stop 8,Stop 2"
162,B,Chauffeur 55,"Stop 10,Stop 9,Stop 5,Stop 2,Stop 3,Stop 1,Stop 6,Stop 4,Stop 8,Stop 7"
163,B,Chauffeur 56,"Stop 10,Stop 6,Stop 4,Stop 9,Stop 5,Stop 3,Stop 7"
164,H,Chauffeur 68,"Stop 3,Stop 10,Stop 7,Stop 6,Stop 8,Stop 2,Stop 1,Stop 4,Stop 5,Stop 9"
165,H,Chauffeur 29,"Stop 9,Stop 3,Stop 5,Stop 10,Stop 8,Stop 4,Stop 6,Stop 1,Stop 2,Stop 7"
166,I,Chauffeur 45,"Stop 8,Stop 1,Stop 6"
167,J,Chauffeur 4,"Stop 8,Stop 10,Stop 6,Stop 2"
168,J,Chauffeur 74,"Stop 8,Stop 5,Stop 7,Stop 9"
169,I,Chauffeur 17,"Stop 7,Stop 5,Stop 2,Stop 4"
170,J,Chauffeur 71,"Stop 2,Stop 6,Stop 5,Stop 8,Stop 9,Stop 10,Stop 4"
171,C,Chauffeur 6,"Stop 7,Stop 5,Stop 4"
172,J,Chauffeur 63,"Stop 6,Stop 10,Stop 9,Stop 7,Stop 8,Stop 4,Stop 2,Stop 5,Stop 1,Stop 3"
173,C,Chauffeur 55,"Stop 6,Stop 8,Stop 10,Stop 2,Stop 4,Stop 9,Stop 7,Stop 3,Stop 5"
174,I,Chauffeur 61,"Stop 4,Stop 7,Stop 6,Stop 1"
175,D,Chauffeur 18,"Stop 4,Stop 5,Stop 2,Stop 1,Stop 8,Stop 7,Stop 3"
176,F,Chauffeur 100,"Stop 10,Stop 8,Stop 1,Stop 6,Stop 5"
177,I,Chauffeur 100,"Stop 9,Stop 1,Stop 2,Stop 6"
178,C,Chauffeur 95,"Stop 1,Stop 6,Stop 5,Stop 8,Stop 9,Stop 2,Stop 3,Stop 7"
179,H,Chauffeur 88,"Stop 6,Stop 4,Stop 10,Stop 7,Stop 5,Stop 2"
180,H,Chauffeur 65,"Stop 5,Stop 7,Stop 2,Stop 6,Stop 1,Stop 3,Stop 9,Stop 4,Stop 8"
181,G,Chauffeur 4,"Stop 6,Stop 9,Stop 1,Stop 2"
182,I,Chauffeur 90,"Stop 8,Stop 3,Stop 7,Stop 1,Stop 10,Stop 5"
183,F,Chauffeur 7,"Stop 7,Stop 6,Stop 3,Stop 10,Stop 9,Stop 5,Stop 4,Stop 2"
184,E,Chauffeur 45,"Stop 2,Stop 4,Stop 5,Stop 9,Stop 8"
185,H,Chauffeur 44,"Stop 2,Stop 9,Stop 7"
186,F,Chauffeur 6,"Stop 8,Stop 3,Stop 7,Stop 1"
187,J,Chauffeur 66,"Stop 9,Stop 3,Stop 4,Stop 6,Stop 5"
188,J,Chauffeur 80,"Stop 8,Stop 5,Stop 6,Stop 4"
189,G,Chauffeur 76,"Stop 3,Stop 4,Stop 7,Stop 10,Stop 9"
190,D,Chauffeur 53,"Stop 6,Stop 5,Stop 8,Stop 10,Stop 7,Stop 4,Stop 1,Stop 2,Stop 9,Stop 3"
191,J,Chauffeur 83,"Stop 4,Stop 2,Stop 10,Stop 3,Stop 8,Stop 9,Stop 6,Stop 7,Stop 1"
192,A,Chauffeur 75,"Stop 5,Stop 6,Stop 10,Stop 2,Stop 8"
193,D,Chauffeur 80,"Stop 9,Stop 6,Stop 7,Stop 10,Stop 3,Stop 4,Stop 8,Stop 1"
194,F,Chauffeur 69,"Stop 7,Stop 2,Stop 10,Stop 1,Stop 8,Stop 3,Stop 9,Stop 5"
195,J,Chauffeur 9,"Stop 4,Stop 1,Stop 9,Stop 2,Stop 5,Stop 3,Stop 7"
196,B,Chauffeur 58,"Stop 8,Stop 2,Stop 10,Stop 3,Stop 7,Stop 4,Stop 6,Stop 9"
197,C,Chauffeur 41,"Stop 3,Stop 10,Stop 5,Stop 1,Stop 4,Stop 6,Stop 2,Stop 9"
198,J,Chauffeur 73,"Stop 1,Stop 6,Stop 7,Stop 8,Stop 10,Stop 4"
199,A,Chauffeur 4,"Stop 10,Stop 6,Stop 3,Stop 4,Stop 7,Stop 1,Stop 2,Stop 9,Stop 5"
200,B,Chauffeur 47,"Stop 7,Stop 4,Stop 10,Stop 8"
201,B,Chauffeur 51,"Stop 9,Stop 1,Stop 8,Stop 7,Stop 4"
202,G,Chauffeur 98,"Stop 5,Stop 1,Stop 3,Stop 9,Stop 4,Stop 7"
203,H,Chauffeur 27,"Stop 6,Stop 10,Stop 4,Stop 8,Stop 7"
204,H,Chauffeur 81,"Stop 6,Stop 7,Stop 10,Stop 2,Stop 8,Stop 4"
205,B,Chauffeur 63,"Stop 9,Stop 1,Stop 10,Stop 2,Stop 3"
206,H,Chauffeur 34,"Stop 6,Stop 4,Stop 10,Stop 7,Stop 5,Stop 3,Stop 9"
207,C,Chauffeur 31,"Stop 8,Stop 3,Stop 9,Stop 10"
208,J,Chauffeur 26,"Stop 3,Stop 1,Stop 4"
209,J,Chauffeur 60,"Stop 1,Stop 5,Stop 10"
210,B,Chauffeur 20,"Stop 7,Stop 4,Stop 2,Stop 8,Stop 5,Stop 1"
211,C,Chauffeur 74,"Stop 3,Stop 2,Stop 5,Stop 9,Stop 7"
212,B,Chauffeur 7,"Stop 4,Stop 8,Stop 5,Stop 3,Stop 9"
213,C,Chauffeur 31,"Stop 8,Stop 3,Stop 9"
214,D,Chauffeur 44,"Stop 1,Stop 9,Stop 8,Stop 2,Stop 4,Stop 3,Stop 5,Stop 6,Stop 10"
215,B,Chauffeur 79,"Stop 10,Stop 9,Stop 7"
216,F,Chauffeur 43,"Stop 10,Stop 3,Stop 7,Stop 6,Stop 5,Stop 4"
217,I,Chauffeur 42,"Stop 3,Stop 10,Stop 7"
218,G,Chauffeur 44,"Stop 10,Stop 1,Stop 5"
219,C,Chauffeur 21,"Stop 10,Stop 3,Stop 4,Stop 5,Stop 8,Stop 7,Stop 2,Stop 1"
220,B,Chauffeur 7,"Stop 5,Stop 8,Stop 10,Stop 2"
221,J,Chauffeur 62,"Stop 2,Stop 10,Stop 6,Stop 9,Stop 7,Stop 1"
222,F,Chauffeur 21,"Stop 10,Stop 1,Stop 7,Stop 8"
223,E,Chauffeur 82,"Stop 1,Stop 10,Stop 4"
224,J,Chauffeur 40,"Stop 4,Stop 2,Stop 1,Stop 7,Stop 5,Stop 9,Stop 6,Stop 3,Stop 10,Stop 8"
225,I,Chauffeur 84,"Stop 7,Stop 10,Stop 8"
226,B,Chauffeur 19,"Stop 4,Stop 8,Stop 3,Stop 1,Stop 6"
227,H,Chauffeur 92,"Stop 3,Stop 4,Stop 7,Stop 1,Stop 8,Stop 10,Stop 9,Stop 6,Stop 2"
228,D,Chauffeur 74,"Stop 5,Stop 1,Stop 3,Stop 2,Stop 8"
229,D,Chauffeur 90,"Stop 4,Stop 9,Stop 8,Stop 2,Stop 6,Stop 7,Stop 1"
230,F,Chauffeur 57,"Stop 9,Stop 7,Stop 3,Stop 4,Stop 10,Stop 6,Stop 5"
231,J,Chauffeur 29,"Stop 7,Stop 8,Stop 3,Stop 2,Stop 10,Stop 1"
232,C,Chauffeur 51,"Stop 7,Stop 8,Stop 1,Stop 3,Stop 4,Stop 9,Stop 2,Stop 10,Stop 5,Stop 6"
233,J,Chauffeur 14,"Stop 10,Stop 7,Stop 3,Stop 6,Stop 9,Stop 8,Stop 1,Stop 4,Stop 5"
234,B,Chauffeur 63,"Stop 1,Stop 6,Stop 3,Stop 2,Stop 4,Stop 8,Stop 10,Stop 5,Stop 9"
235,G,Chauffeur 39,"Stop 9,Stop 8,Stop 2,Stop 5,Stop 4,Stop 7"
236,J,Chauffeur 51,"Stop 9,Stop 10,Stop 1,Stop 2,Stop 7,Stop 8,Stop 3,Stop 5,Stop 6"
237,B,Chauffeur 51,"Stop 6,Stop 10,Stop 3,Stop 7"
238,C,Chauffeur 9,"Stop 1,Stop 2,Stop 3,Stop 10,Stop 4,Stop 5,Stop 8"
239,E,Chauffeur 22,"Stop 5,Stop 4,Stop 7,Stop 1"
240,G,Chauffeur 20,"Stop 8,Stop 10,Stop 9,Stop 5,Stop 7,Stop 3,Stop 6,Stop 2"
241,C,Chauffeur 48,"Stop 7,Stop 1,Stop 2,Stop 6,Stop 8,Stop 9,Stop 5,Stop 4,Stop 3,Stop 10"
242,D,Chauffeur 38,"Stop 3,Stop 2,Stop 10,Stop 5,Stop 7,Stop 4,Stop 8,Stop 9,Stop 1"
243,H,Chauffeur 34,"Stop 5,Stop 4,Stop 8,Stop 2,Stop 7"
244,E,Chauffeur 1,"Stop 2,Stop 8,Stop 3,Stop 1,Stop 10,Stop 5,Stop 6,Stop 9,Stop 4,Stop 7"
245,B,Chauffeur 56,"Stop 7,Stop 4,Stop 9"
246,F,Chauffeur 53,"Stop 6,Stop 2,Stop 8,Stop 7,Stop 4,Stop 1"
247,E,Chauffeur 5,"Stop 10,Stop 2,Stop 6,Stop 8,Stop 1"
248,C,Chauffeur 97,"Stop 8,Stop 10,Stop 1,Stop 6,Stop 5,Stop 7"
249,G,Chauffeur 12,"Stop 3,Stop 8,Stop 5,Stop 2,Stop 7,Stop 1"
250,D,Chauffeur 31,"Stop 4,Stop 5,Stop 8,Stop 10,Stop 7,Stop 2,Stop 1"
251,B,Chauffeur 70,"Stop 2,Stop 9,Stop 10"
252,A,Chauffeur 83,"Stop 4,Stop 6,Stop 5,Stop 7,Stop 1,Stop 10,Stop 9,Stop 3,Stop 2,Stop 8"
253,G,Chauffeur 23,"Stop 3,Stop 4,Stop 7"
254,I,Chauffeur 49,"Stop 3,Stop 6,Stop 9,Stop 4,Stop 1"
255,H,Chauffeur 82,"Stop 6,Stop 7,Stop 5,Stop 9,Stop 3,Stop 2,Stop 4"
256,D,Chauffeur 97,"Stop 10,Stop 8,Stop 3,Stop 2,Stop 7,Stop 1,Stop 6"
257,I,Chauffeur 83,"Stop 5,Stop 10,Stop 1,Stop 4,Stop 3,Stop 6,Stop 8,Stop 2,Stop 9,Stop 7"
258,F,Chauffeur 19,"Stop 4,Stop 7,Stop 9,Stop 1,Stop 2,Stop 10"
259,I,Chauffeur 7,"Stop 8,Stop 1,Stop 2"
260,B,Chauffeur 93,"Stop 5,Stop 10,Stop 4"
261,J,Chauffeur 57,"Stop 9,Stop 2,Stop 7,Stop 8"
262,H,Chauffeur 16,"Stop 8,Stop 5,Stop 3,Stop 2,Stop 10,Stop 7"
263,I,Chauffeur 57,"Stop 2,Stop 5,Stop 3,Stop 6,Stop 1,Stop 9,Stop 7,Stop 10"
264,F,Chauffeur 39,"Stop 9,Stop 1,Stop 2,Stop 10,Stop 6,Stop 8"
265,G,Chauffeur 43,"Stop 2,Stop 8,Stop 9,Stop 7,Stop 10,Stop 6,Stop 4,Stop 1,Stop 5,Stop 3"
266,A,Chauffeur 43,"Stop 4,Stop 5,Stop 2,Stop 1,Stop 9,Stop 6"
267,E,Chauffeur 48,"Stop 9,Stop 5,Stop 3,Stop 10,Stop 1,Stop 8,Stop 7"
268,D,Chauffeur 36,"Stop 4,Stop 6,Stop 2,Stop 5,Stop 1,Stop 9,Stop 3,Stop 10"
269,B,Chauffeur 88,"Stop 3,Stop 7,Stop 2,Stop 1,Stop 5,Stop 10,Stop 9"
270,J,Chauffeur 14,"Stop 5,Stop 2,Stop 4,Stop 6,Stop 3,Stop 1,Stop 8,Stop 9"
271,C,Chauffeur 39,"Stop 2,Stop 10,Stop 6,Stop 4,Stop 9"
272,B,Chauffeur 17,"Stop 6,Stop 8,Stop 10,Stop 3"
273,A,Chauffeur 81,"Stop 8,Stop 5,Stop 3,Stop 10,Stop 1,Stop 7,Stop 2,Stop 6,Stop 4"
274,E,Chauffeur 2,"Stop 7,Stop 9,Stop 6"
275,H,Chauffeur 46,"Stop 9,Stop 6,Stop 10,Stop 5,Stop 3,Stop 4,Stop 7,Stop 1,Stop 2"
276,J,Chauffeur 5,"Stop 4,Stop 1,Stop 7"
277,I,Chauffeur 48,"Stop 2,Stop 7,Stop 8,Stop 6,Stop 1,Stop 10,Stop 3,Stop 5,Stop 9"
278,F,Chauffeur 31,"Stop 1,Stop 7,Stop 3,Stop 5,Stop 8,Stop 4"
279,F,Chauffeur 56,"Stop 8,Stop 1,Stop 9,Stop 2,Stop 6,Stop 10,Stop 4,Stop 3,Stop 5"
280,B,Chauffeur 10,"Stop 1,Stop 8,Stop 7,Stop 2,Stop 6,Stop 9,Stop 3,Stop 10"
281,D,Chauffeur 42,"Stop 1,Stop 8,Stop 10,Stop 2,Stop 7,Stop 6"
282,F,Chauffeur 19,"Stop 7,Stop 3,Stop 2,Stop 5,Stop 8,Stop 6,Stop 1,Stop 9"
283,C,Chauffeur 44,"Stop 5,Stop 1,Stop 2,Stop 4,Stop 7,Stop 10,Stop 8"
284,I,Chauffeur 98,"Stop 7,Stop 4,Stop 2,Stop 10,Stop 6,Stop 8"
285,B,Chauffeur 41,"Stop 7,Stop 9,Stop 10,Stop 1,Stop 3,Stop 4,Stop 8,Stop 2,Stop 5"
286,H,Chauffeur 6,"Stop 2,Stop 5,Stop 1,Stop 6,Stop 10,Stop 9,Stop 3,Stop 4,Stop 7"
287,A,Chauffeur 39,"Stop 8,Stop 6,Stop 2,Stop 9,Stop 5,Stop 7,Stop 3,Stop 1"
288,I,Chauffeur 74,"Stop 6,Stop 8,Stop 5,Stop 9"
289,F,Chauffeur 14,"Stop 4,Stop 2,Stop 3,Stop 1,Stop 10,Stop 9,Stop 6,Stop 8,Stop 7"
290,G,Chauffeur 33,"Stop 6,Stop 8,Stop 4,Stop 5,Stop 9,Stop 10,Stop 3,Stop 7,Stop 2"
291,J,Chauffeur 57,"Stop 5,Stop 8,Stop 1,Stop 3,Stop 4,Stop 7,Stop 9,Stop 2"
292,A,Chauffeur 51,"Stop 7,Stop 8,Stop 3,Stop 2,Stop 10,Stop 4,Stop 6"
293,F,Chauffeur 59,"Stop 5,Stop 8,Stop 2,Stop 9,Stop 1,Stop 7,Stop 10"
294,C,Chauffeur 47,"Stop 1,Stop 3,Stop 9,Stop 7,Stop 4,Stop 5"
295,D,Chauffeur 51,"Stop 2,Stop 1,Stop 8,Stop 9,Stop 10,Stop 5,Stop 4"
296,H,Chauffeur 77,"Stop 5,Stop 10,Stop 1,Stop 8,Stop 7"
297,D,Chauffeur 31,"Stop 1,Stop 2,Stop 6,Stop 7,Stop 5,Stop 4,Stop 9"
298,G,Chauffeur 40,"Stop 9,Stop 7,Stop 2,Stop 3,Stop 1"
299,H,Chauffeur 31,"Stop 3,Stop 8,Stop 7,Stop 5,Stop 4"
300,G,Chauffeur 99,"Stop 6,Stop 9,Stop 2,Stop 1,Stop 5,Stop 3,Stop 10"
301,B,Chauffeur 24,"Stop 2,Stop 8,Stop 7,Stop 3,Stop 1,Stop 9,Stop 5,Stop 10,Stop 6,Stop 4"
302,E,Chauffeur 85,"Stop 7,Stop 8,Stop 2,Stop 5,Stop 4,Stop 6,Stop 3,Stop 9,Stop 10"
303,J,Chauffeur 15,"Stop 6,Stop 10,Stop 1,Stop 5,Stop 8,Stop 7"
304,F,Chauffeur 86,"Stop 1,Stop 5,Stop 8,Stop 2,Stop 10,Stop 9"
305,G,Chauffeur 15,"Stop 10,Stop 2,Stop 7,Stop 5,Stop 6,Stop 3,Stop 8"
306,J,Chauffeur 12,"Stop 5,Stop 10,Stop 1,Stop 6,Stop 9,Stop 8,Stop 7"
307,D,Chauffeur 37,"Stop 7,Stop 4,Stop 1,Stop 3,Stop 2,Stop 6,Stop 5,Stop 8"
308,I,Chauffeur 74,"Stop 4,Stop 3,Stop 2,Stop 5,Stop 7"
309,C,Chauffeur 76,"Stop 1,Stop 7,Stop 5,Stop 9,Stop 10"
310,E,Chauffeur 91,"Stop 1,Stop 10,Stop 6"
311,H,Chauffeur 76,"Stop 3,Stop 10,Stop 2,Stop 6,Stop 5,Stop 1,Stop 9,Stop 4,Stop 8"
312,E,Chauffeur 68,"Stop 10,Stop 2,Stop 9,Stop 7,Stop 1"
313,E,Chauffeur 25,"Stop 2,Stop 10,Stop 6,Stop 3,Stop 5"
314,B,Chauffeur 32,"Stop 4,Stop 3,Stop 10,Stop 1,Stop 7,Stop 8,Stop 9,Stop 2,Stop 6,Stop 5"
315,I,Chauffeur 34,"Stop 10,Stop 2,Stop 6,Stop 5,Stop 9"
316,B,Chauffeur 9,"Stop 2,Stop 6,Stop 10"
317,B,Chauffeur 59,"Stop 10,Stop 2,Stop 7"
318,A,Chauffeur 98,"Stop 7,Stop 6,Stop 8,Stop 4,Stop 2,Stop 10"
319,A,Chauffeur 74,"Stop 10,Stop 8,Stop 6,Stop 4,Stop 5,Stop 2,Stop 9,Stop 3"
320,B,Chauffeur 39,"Stop 8,Stop 1,Stop 9"
321,A,Chauffeur 51,"Stop 4,Stop 5,Stop 6,Stop 2,Stop 3,Stop 9,Stop 7"
322,A,Chauffeur 71,"Stop 9,Stop 4,Stop 1,Stop 3,Stop 10"
323,B,Chauffeur 74,"Stop 5,Stop 2,Stop 1,Stop 6,Stop 10,Stop 7,Stop 9,Stop 3,Stop 4"
324,E,Chauffeur 42,"Stop 9,Stop 5,Stop 2,Stop 4,Stop 3,Stop 6,Stop 1,Stop 8"
325,I,Chauffeur 77,"Stop 3,Stop 6,Stop 1"
326,H,Chauffeur 63,"Stop 4,Stop 9,Stop 5,Stop 3,Stop 6,Stop 1,Stop 7,Stop 8"
327,D,Chauffeur 50,"Stop 2,Stop 7,Stop 1,Stop 8,Stop 5,Stop 3,Stop 10,Stop 9,Stop 4,Stop 6"
328,E,Chauffeur 69,"Stop 8,Stop 9,Stop 3,Stop 2,Stop 7,Stop 10"
329,J,Chauffeur 29,"Stop 8,Stop 9,Stop 6,Stop 10,Stop 5,Stop 2,Stop 1,Stop 4,Stop 7"
330,G,Chauffeur 25,"Stop 5,Stop 3,Stop 2,Stop 10"
331,G,Chauffeur 89,"Stop 6,Stop 4,Stop 2,Stop 10,Stop 8,Stop 9,Stop 7,Stop 5"
332,B,Chauffeur 81,"Stop 1,Stop 9,Stop 6,Stop 2,Stop 7,Stop 8,Stop 10,Stop 4,Stop 5"
333,B,Chauffeur 13,"Stop 2,Stop 5,Stop 10,Stop 1,Stop 9,Stop 7,Stop 6,Stop 3,Stop 4"
334,J,Chauffeur 5,"Stop 3,Stop 7,Stop 4,Stop 9,Stop 6,Stop 10,Stop 2"
335,I,Chauffeur 73,"Stop 1,Stop 5,Stop 4,Stop 7,Stop 6,Stop 9,Stop 2,Stop 10,Stop 3"
336,E,Chauffeur 60,"Stop 8,Stop 7,Stop 6,Stop 5,Stop 4"
337,D,Chauffeur 92,"Stop 6,Stop 2,Stop 8"
338,B,Chauffeur 25,"Stop 9,Stop 8,Stop 10,Stop 4,Stop 5,Stop 3,Stop 7,Stop 6"
339,C,Chauffeur 93,"Stop 1,Stop 2,Stop 10,Stop 8,Stop 7,Stop 3,Stop 6"
340,A,Chauffeur 38,"Stop 6,Stop 7,Stop 10,Stop 4,Stop 3,Stop 8,Stop 9,Stop 2,Stop 5"
341,E,Chauffeur 16,"Stop 9,Stop 4,Stop 2,Stop 1,Stop 8,Stop 7,Stop 3,Stop 6,Stop 10,Stop 5"
342,I,Chauffeur 46,"Stop 7,Stop 2,Stop 6,Stop 9,Stop 10,Stop 3"
343,J,Chauffeur 44,"Stop 4,Stop 8,Stop 9,Stop 1"
344,A,Chauffeur 6,"Stop 2,Stop 3,Stop 8,Stop 7,Stop 4"
345,A,Chauffeur 31,"Stop 4,Stop 10,Stop 5,Stop 7,Stop 1,Stop 8,Stop 3,Stop 2"
346,E,Chauffeur 1,"Stop 10,Stop 6,Stop 4,Stop 2,Stop 5,Stop 3,Stop 9"
347,C,Chauffeur 94,"Stop 3,Stop 8,Stop 9,Stop 7,Stop 4"
348,A,Chauffeur 98,"Stop 5,Stop 8,Stop 2,Stop 3,Stop 10,Stop 9,Stop 6,Stop 7,Stop 1,Stop 4"
349,A,Chauffeur 71,"Stop 2,Stop 9,Stop 5,Stop 7,Stop 10,Stop 1,Stop 6,Stop 8,Stop 4"
350,C,Chauffeur 92,"Stop 9,Stop 10,Stop 6,Stop 3,Stop 8,Stop 7,Stop 4,Stop 1"
351,B,Chauffeur 92,"Stop 2,Stop 8,Stop 6,Stop 4,Stop 10,Stop 9,Stop 3,Stop 1"
352,G,Chauffeur 86,"Stop 4,Stop 6,Stop 1,Stop 10,Stop 3,Stop 9,Stop 5,Stop 2,Stop 8"
353,F,Chauffeur 53,"Stop 8,Stop 3,Stop 9,Stop 6,Stop 4,Stop 1,Stop 7,Stop 5"
354,J,Chauffeur 88,"Stop 2,Stop 6,Stop 4,Stop 3,Stop 7,Stop 1,Stop 8"
355,A,Chauffeur 37,"Stop 4,Stop 3,Stop 5,Stop 7,Stop 2"
356,F,Chauffeur 32,"Stop 3,Stop 7,Stop 2"
357,E,Chauffeur 79,"Stop 1,Stop 7,Stop 2"
358,B,Chauffeur 69,"Stop 7,Stop 5,Stop 8,Stop 3,Stop 1,Stop 10,Stop 9"
359,C,Chauffeur 32,"Stop 7,Stop 1,Stop 3,Stop 9,Stop 10,Stop 8,Stop 5,Stop 6,Stop 2,Stop 4"
360,A,Chauffeur 18,"Stop 7,Stop 10,Stop 3,Stop 6,Stop 9,Stop 2,Stop 1,Stop 8"
361,A,Chauffeur 49,"Stop 10,Stop 2,Stop 8,Stop 1,Stop 9"
362,J,Chauffeur 72,"Stop 10,Stop 6,Stop 3,Stop 4,Stop 2,Stop 9,Stop 8,Stop 5"
363,E,Chauffeur 76,"Stop 1,Stop 10,Stop 5,Stop 3,Stop 9,Stop 4,Stop 8,Stop 2"
364,H,Chauffeur 39,"Stop 10,Stop 5,Stop 2,Stop 1,Stop 7,Stop 9,Stop 3,Stop 6,Stop 4"
365,J,Chauffeur 60,"Stop 6,Stop 4,Stop 3,Stop 9,Stop 8,Stop 2,Stop 7"
366,F,Chauffeur 23,"Stop 1,Stop 6,Stop 5,Stop 4,Stop 8,Stop 10"
367,C,Chauffeur 72,"Stop 3,Stop 4,Stop 7"
368,A,Chauffeur 21,"Stop 2,Stop 3,Stop 7,Stop 6,Stop 8,Stop 4,Stop 5,Stop 10,Stop 9"
369,I,Chauffeur 88,"Stop 4,Stop 5,Stop 7,Stop 3"
370,H,Chauffeur 99,"Stop 2,Stop 10,Stop 8,Stop 3,Stop 5"
371,J,Chauffeur 45,"Stop 3,Stop 6,Stop 5,Stop 7,Stop 2,Stop 4,Stop 10"
372,G,Chauffeur 51,"Stop 9,Stop 7,Stop 1,Stop 4,Stop 10,Stop 5,Stop 3,Stop 6,Stop 8"
373,B,Chauffeur 28,"Stop 7,Stop 1,Stop 2,Stop 4,Stop 6,Stop 10"
374,F,Chauffeur 1,"Stop 10,Stop 7,Stop 5,Stop 2"
375,F,Chauffeur 10,"Stop 7,Stop 1,Stop 5,Stop 2,Stop 9"
376,E,Chauffeur 36,"Stop 9,Stop 3,Stop 1,Stop 10,Stop 8"
377,A,Chauffeur 83,"Stop 1,Stop 6,Stop 4,Stop 7,Stop 5,Stop 3,Stop 9,Stop 8"
378,G,Chauffeur 1,"Stop 4,Stop 3,Stop 8,Stop 6,Stop 2,Stop 1,Stop 5,Stop 7"
379,G,Chauffeur 19,"Stop 10,Stop 9,Stop 3,Stop 6,Stop 1"
380,C,Chauffeur 51,"Stop 3,Stop 10,Stop 2,Stop 7,Stop 1,Stop 9,Stop 4,Stop 8,Stop 5,Stop 6"
381,B,Chauffeur 30,"Stop 8,Stop 6,Stop 10,Stop 4,Stop 2,Stop 5,Stop 7"
382,A,Chauffeur 98,"Stop 2,Stop 6,Stop 5,Stop 4"
383,E,Chauffeur 69,"Stop 3,Stop 7,Stop 1,Stop 10,Stop 6,Stop 5,Stop 2"
384,B,Chauffeur 7,"Stop 6,Stop 2,Stop 7,Stop 8,Stop 9,Stop 1,Stop 4"
385,H,Chauffeur 72,"Stop 6,Stop 9,Stop 10"
386,G,Chauffeur 20,"Stop 7,Stop 8,Stop 3,Stop 5,Stop 2,Stop 9,Stop 4,Stop 6,Stop 1,Stop 10"
387,E,Chauffeur 93,"Stop 5,Stop 4,Stop 9,Stop 3,Stop 6,Stop 1,Stop 8,Stop 10,Stop 2"
388,G,Chauffeur 58,"Stop 7,Stop 9,Stop 8,Stop 1"
389,B,Chauffeur 29,"Stop 4,Stop 5,Stop 7,Stop 6"
390,F,Chauffeur 95,"Stop 2,Stop 3,Stop 5,Stop 9,Stop 7,Stop 6,Stop 4,Stop 1"
391,F,Chauffeur 36,"Stop 6,Stop 9,Stop 8,Stop 2,Stop 7,Stop 1,Stop 4,Stop 3,Stop 5"
392,G,Chauffeur 6,"Stop 1,Stop 6,Stop 4"
393,E,Chauffeur 10,"Stop 3,Stop 8,Stop 5,Stop 9,Stop 4,Stop 6,Stop 2,Stop 7,Stop 10,Stop 1"
394,E,Chauffeur 51,"Stop 3,Stop 2,Stop 5,Stop 6,Stop 7"
395,G,Chauffeur 30,"Stop 9,Stop 8,Stop 6,Stop 10,Stop 5"
396,D,Chauffeur 86,"Stop 9,Stop 7,Stop 3,Stop 10,Stop 4,Stop 8,Stop 2,Stop 1"
397,D,Chauffeur 41,"Stop 7,Stop 6,Stop 1,Stop 3"
398,D,Chauffeur 15,"Stop 5,Stop 8,Stop 3,Stop 6,Stop 1,Stop 9,Stop 4,Stop 7,Stop 10"
399,J,Chauffeur 84,"Stop 7,Stop 10,Stop 6,Stop 2,Stop 9,Stop 3"
400,A,Chauffeur 81,"Stop 3,Stop 10,Stop 9,Stop 8,Stop 7,Stop 2,Stop 5"
401,A,Chauffeur 78,"Stop 2,Stop 9,Stop 3,Stop 7,Stop 1,Stop 10,Stop 5,Stop 6,Stop 4"
402,E,Chauffeur 55,"Stop 9,Stop 8,Stop 6,Stop 4,Stop 1"
403,H,Chauffeur 87,"Stop 6,Stop 8,Stop 1,Stop 7"
404,A,Chauffeur 95,"Stop 7,Stop 9,Stop 10,Stop 1,Stop 8,Stop 6,Stop 4,Stop 5,Stop 2"
405,D,Chauffeur 54,"Stop 9,Stop 8,Stop 3,Stop 5,Stop 1"
406,G,Chauffeur 77,"Stop 7,Stop 4,Stop 2,Stop 6,Stop 5,Stop 9,Stop 8"
407,C,Chauffeur 57,"Stop 8,Stop 6,Stop 1,Stop 3"
408,I,Chauffeur 79,"Stop 10,Stop 1,Stop 4,Stop 5,Stop 9,Stop 2,Stop 3"
409,G,Chauffeur 8,"Stop 10,Stop 3,Stop 1,Stop 2"
410,B,Chauffeur 7,"Stop 7,Stop 2,Stop 10"
411,F,Chauffeur 22,"Stop 7,Stop 2,Stop 6,Stop 10,Stop 3,Stop 5"
412,C,Chauffeur 78,"Stop 4,Stop 8,Stop 1,Stop 6,Stop 9"
413,I,Chauffeur 2,"Stop 9,Stop 3,Stop 4,Stop 10,Stop 6"
414,E,Chauffeur 17,"Stop 6,Stop 9,Stop 10,Stop 4"
415,G,Chauffeur 83,"Stop 5,Stop 2,Stop 7,Stop 1"
416,C,Chauffeur 64,"Stop 2,Stop 7,Stop 5,Stop 8,Stop 10,Stop 1,Stop 3,Stop 4,Stop 6,Stop 9"
417,D,Chauffeur 64,"Stop 5,Stop 10,Stop 3,Stop 6,Stop 2,Stop 4,Stop 9,Stop 8,Stop 7,Stop 1"
418,J,Chauffeur 51,"Stop 4,Stop 7,Stop 10,Stop 1,Stop 5,Stop 9,Stop 6,Stop 8"
419,D,Chauffeur 16,"Stop 7,Stop 8,Stop 9,Stop 1,Stop 3,Stop 5,Stop 2,Stop 4"
420,H,Chauffeur 98,"Stop 4,Stop 1,Stop 5,Stop 3,Stop 10,Stop 9,Stop 6"
421,C,Chauffeur 60,"Stop 9,Stop 5,Stop 4,Stop 10,Stop 3,Stop 8,Stop 6"
422,G,Chauffeur 68,"Stop 9,Stop 6,Stop 4,Stop 5,Stop 1,Stop 7,Stop 10,Stop 8"
423,B,Chauffeur 92,"Stop 2,Stop 4,Stop 3"
424,J,Chauffeur 67,"Stop 7,Stop 3,Stop 4,Stop 10,Stop 6,Stop 2,Stop 1,Stop 5,Stop 8"
425,I,Chauffeur 89,"Stop 4,Stop 8,Stop 9,Stop 5,Stop 6"
426,F,Chauffeur 46,"Stop 5,Stop 10,Stop 4,Stop 2"
427,C,Chauffeur 24,"Stop 7,Stop 4,Stop 6,Stop 5,Stop 9,Stop 10,Stop 2"
428,E,Chauffeur 46,"Stop 5,Stop 1,Stop 8,Stop 3,Stop 4,Stop 6,Stop 7,Stop 9,Stop 2"
429,A,Chauffeur 11,"Stop 9,Stop 1,Stop 6,Stop 7"
430,D,Chauffeur 75,"Stop 6,Stop 3,Stop 1,Stop 5,Stop 9,Stop 7,Stop 4"
431,A,Chauffeur 26,"Stop 6,Stop 3,Stop 7,Stop 5,Stop 9,Stop 8,Stop 1"
432,G,Chauffeur 80,"Stop 6,Stop 2,Stop 1"
433,I,Chauffeur 91,"Stop 10,Stop 9,Stop 7"
434,G,Chauffeur 84,"Stop 3,Stop 9,Stop 2,Stop 6,Stop 1,Stop 10"
435,J,Chauffeur 17,"Stop 9,Stop 7,Stop 2,Stop 6,Stop 8,Stop 3"
436,E,Chauffeur 9,"Stop 7,Stop 9,Stop 6,Stop 5,Stop 1"
437,B,Chauffeur 67,"Stop 8,Stop 5,Stop 1,Stop 9,Stop 3,Stop 4,Stop 6"
438,D,Chauffeur 63,"Stop 6,Stop 1,Stop 10,Stop 4,Stop 3,Stop 7,Stop 5,Stop 8,Stop 2"
439,J,Chauffeur 40,"Stop 8,Stop 9,Stop 5,Stop 2,Stop 7,Stop 4,Stop 1"
440,C,Chauffeur 20,"Stop 3,Stop 6,Stop 10,Stop 5,Stop 9,Stop 1"
441,G,Chauffeur 96,"Stop 2,Stop 10,Stop 4,Stop 5,Stop 7,Stop 3,Stop 1"
442,H,Chauffeur 6,"Stop 6,Stop 3,Stop 10,Stop 2,Stop 9,Stop 5,Stop 7,Stop 1,Stop 4,Stop 8"
443,E,Chauffeur 22,"Stop 4,Stop 10,Stop 6,Stop 5,Stop 2,Stop 7,Stop 9,Stop 3,Stop 8"
444,C,Chauffeur 91,"Stop 1,Stop 10,Stop 4"
445,C,Chauffeur 78,"Stop 6,Stop 1,Stop 4,Stop 9"
446,B,Chauffeur 29,"Stop 6,Stop 9,Stop 5,Stop 8,Stop 3,Stop 2"
447,E,Chauffeur 31,"Stop 7,Stop 3,Stop 8,Stop 2,Stop 6,Stop 10"
448,F,Chauffeur 59,"Stop 8,Stop 7,Stop 2,Stop 10,Stop 9,Stop 4,Stop 6"
449,D,Chauffeur 58,"Stop 4,Stop 2,Stop 7,Stop 9,Stop 10,Stop 3"
450,B,Chauffeur 18,"Stop 4,Stop 2,Stop 5,Stop 8,Stop 9,Stop 6,Stop 3,Stop 10,Stop 7,Stop 1"
451,F,Chauffeur 56,"Stop 2,Stop 7,Stop 1,Stop 10,Stop 5,Stop 8,Stop 6,Stop 3,Stop 9"
452,A,Chauffeur 79,"Stop 3,Stop 7,Stop 1,Stop 2"
453,D,Chauffeur 100,"Stop 5,Stop 3,Stop 1,Stop 9,Stop 10,Stop 8,Stop 4,Stop 7"
454,H,Chauffeur 75,"Stop 2,Stop 8,Stop 1,Stop 7,Stop 6,Stop 10,Stop 3,Stop 9"
455,E,Chauffeur 27,"Stop 6,Stop 7,Stop 1,Stop 4"
456,D,Chauffeur 81,"Stop 6,Stop 10,Stop 1,Stop 9,Stop 8,Stop 4"
457,C,Chauffeur 93,"Stop 5,Stop 6,Stop 4"
458,H,Chauffeur 25,"Stop 2,Stop 1,Stop 6,Stop 9,Stop 10,Stop 8,Stop 5,Stop 4,Stop 3,Stop 7"
459,F,Chauffeur 47,"Stop 1,Stop 6,Stop 8"
460,H,Chauffeur 29,"Stop 3,Stop 9,Stop 5"
461,F,Chauffeur 65,"Stop 2,Stop 1,Stop 7,Stop 6,Stop 5"
462,E,Chauffeur 59,"Stop 6,Stop 2,Stop 8"
463,B,Chauffeur 6,"Stop 8,Stop 1,Stop 2,Stop 6,Stop 7"
464,C,Chauffeur 15,"Stop 10,Stop 2,Stop 6"
465,A,Chauffeur 46,"Stop 4,Stop 3,Stop 10,Stop 1,Stop 5"
466,B,Chauffeur 84,"Stop 4,Stop 1,Stop 2,Stop 10"
467,C,Chauffeur 70,"Stop 9,Stop 3,Stop 10,Stop 8,Stop 2,Stop 1,Stop 4"
468,A,Chauffeur 38,"Stop 8,Stop 3,Stop 7,Stop 5,Stop 4,Stop 9,Stop 6,Stop 2,Stop 10"
469,E,Chauffeur 100,"Stop 9,Stop 1,Stop 5,Stop 8,Stop 10,Stop 3,Stop 4"
470,D,Chauffeur 80,"Stop 9,Stop 3,Stop 8,Stop 1,Stop 2,Stop 4,Stop 7,Stop 6,Stop 5"
471,B,Chauffeur 60,"Stop 8,Stop 3,Stop 7"
472,B,Chauffeur 3,"Stop 4,Stop 1,Stop 5,Stop 7,Stop 10,Stop 8"
473,A,Chauffeur 18,"Stop 3,Stop 1,Stop 2"
474,E,Chauffeur 45,"Stop 10,Stop 3,Stop 1,Stop 4,Stop 5,Stop 6,Stop 9,Stop 7,Stop 8,Stop 2"
475,A,Chauffeur 73,"Stop 1,Stop 2,Stop 5,Stop 9,Stop 3,Stop 4,Stop 10"
476,F,Chauffeur 49,"Stop 9,Stop 8,Stop 5,Stop 6,Stop 10,Stop 4,Stop 2,Stop 7"
477,J,Chauffeur 98,"Stop 1,Stop 7,Stop 3,Stop 10"
478,C,Chauffeur 41,"Stop 6,Stop 4,Stop 10,Stop 3,Stop 7,Stop 1,Stop 5,Stop 8,Stop 9,Stop 2"
479,J,Chauffeur 1,"Stop 4,Stop 1,Stop 10,Stop 3,Stop 9,Stop 7,Stop 2,Stop 5,Stop 6"
480,D,Chauffeur 49,"Stop 2,Stop 6,Stop 4,Stop 5,Stop 1"
481,C,Chauffeur 55,"Stop 4,Stop 1,Stop 9,Stop 5"
482,F,Chauffeur 19,"Stop 1,Stop 6,Stop 2,Stop 7,Stop 10,Stop 3,Stop 8,Stop 5"
483,D,Chauffeur 30,"Stop 5,Stop 4,Stop 9,Stop 10,Stop 3,Stop 7,Stop 8"
484,C,Chauffeur 30,"Stop 3,Stop 2,Stop 1,Stop 6,Stop 4,Stop 7,Stop 5,Stop 9"
485,A,Chauffeur 64,"Stop 2,Stop 7,Stop 4"
486,B,Chauffeur 20,"Stop 2,Stop 7,Stop 5,Stop 3,Stop 8,Stop 6,Stop 1"
487,B,Chauffeur 98,"Stop 5,Stop 1,Stop 6,Stop 10,Stop 3,Stop 7,Stop 9,Stop 8"
488,E,Chauffeur 14,"Stop 4,Stop 2,Stop 1,Stop 3,Stop 9"
489,F,Chauffeur 33,"Stop 7,Stop 3,Stop 1,Stop 8"
490,B,Chauffeur 10,"Stop 2,Stop 10,Stop 1,Stop 8,Stop 6,Stop 7,Stop 3,Stop 4,Stop 5,Stop 9"
491,I,Chauffeur 88,"Stop 7,Stop 10,Stop 5"
492,A,Chauffeur 85,"Stop 9,Stop 7,Stop 10,Stop 1"
493,F,Chauffeur 75,"Stop 1,Stop 9,Stop 5,Stop 4,Stop 7,Stop 2,Stop 6"
494,A,Chauffeur 46,"Stop 7,Stop 8,Stop 4,Stop 9,Stop 2,Stop 6,Stop 1,Stop 10"
495,G,Chauffeur 8,"Stop 10,Stop 7,Stop 5,Stop 8,Stop 3,Stop 2,Stop 6"
496,J,Chauffeur 45,"Stop 7,Stop 2,Stop 6,Stop 10,Stop 3,Stop 9,Stop 4,Stop 5,Stop 1,Stop 8"
497,I,Chauffeur 46,"Stop 2,Stop 6,Stop 8,Stop 5,Stop 10,Stop 7,Stop 9,Stop 4,Stop 3,Stop 1"
498,H,Chauffeur 80,"Stop 6,Stop 10,Stop 7,Stop 8,Stop 9,Stop 3,Stop 4,Stop 1,Stop 2,Stop 5"
499,J,Chauffeur 23,"Stop 1,Stop 9,Stop 8,Stop 10"
500,H,Chauffeur 83,"Stop 6,Stop 7,Stop 5,Stop 3,Stop 1"
501,B,Chauffeur 49,"Stop 3,Stop 6,Stop 7,Stop 1,Stop 5,Stop 4,Stop 9,Stop 10,Stop 2,Stop 8"
502,E,Chauffeur 40,"Stop 7,Stop 2,Stop 4,Stop 9,Stop 6,Stop 1,Stop 3,Stop 10,Stop 5"
503,G,Chauffeur 46,"Stop 4,Stop 7,Stop 6,Stop 2"
504,E,Chauffeur 43,"Stop 5,Stop 8,Stop 3"
505,G,Chauffeur 74,"Stop 6,Stop 9,Stop 8,Stop 1,Stop 2,Stop 4,Stop 3"
506,E,Chauffeur 21,"Stop 7,Stop 6,Stop 3,Stop 5,Stop 8,Stop 2,Stop 10,Stop 1,Stop 9,Stop 4"
507,J,Chauffeur 49,"Stop 3,Stop 7,Stop 8,Stop 2,Stop 1,Stop 10,Stop 9,Stop 4,Stop 6,Stop 5"
508,I,Chauffeur 10,"Stop 3,Stop 2,Stop 4"
509,F,Chauffeur 7,"Stop 5,Stop 10,Stop 2,Stop 7,Stop 8"
510,E,Chauffeur 22,"Stop 3,Stop 2,Stop 9"
511,H,Chauffeur 47,"Stop 8,Stop 7,Stop 9,Stop 3,Stop 4,Stop 1"
512,A,Chauffeur 66,"Stop 1,Stop 5,Stop 2,Stop 3,Stop 10,Stop 7"
513,J,Chauffeur 60,"Stop 1,Stop 3,Stop 9,Stop 6,Stop 7,Stop 5,Stop 4"
514,G,Chauffeur 71,"Stop 7,Stop 10,Stop 9,Stop 4,Stop 3,Stop 8,Stop 2,Stop 1"
515,E,Chauffeur 11,"Stop 4,Stop 10,Stop 1,Stop 8,Stop 7,Stop 5"
516,A,Chauffeur 25,"Stop 4,Stop 6,Stop 8,Stop 9,Stop 5,Stop 10,Stop 1"
517,J,Chauffeur 48,"Stop 3,Stop 1,Stop 8,Stop 2,Stop 9,Stop 6,Stop 5,Stop 10"
518,B,Chauffeur 67,"Stop 9,Stop 6,Stop 2,Stop 1,Stop 7,Stop 3,Stop 8"
519,G,Chauffeur 2,"Stop 3,Stop 4,Stop 7,Stop 8,Stop 1,Stop 5,Stop 9,Stop 2"
520,J,Chauffeur 5,"Stop 6,Stop 9,Stop 4,Stop 2,Stop 5,Stop 3,Stop 10"
521,J,Chauffeur 69,"Stop 8,Stop 5,Stop 2,Stop 9,Stop 1,Stop 7"
522,I,Chauffeur 52,"Stop 2,Stop 9,Stop 1,Stop 5,Stop 8,Stop 4,Stop 7,Stop 3"
523,A,Chauffeur 93,"Stop 10,Stop 6,Stop 3,Stop 1,Stop 9,Stop 7"
524,D,Chauffeur 42,"Stop 6,Stop 4,Stop 5"
525,J,Chauffeur 69,"Stop 9,Stop 4,Stop 7"
526,H,Chauffeur 40,"Stop 6,Stop 5,Stop 2,Stop 8,Stop 9,Stop 10,Stop 4,Stop 3"
527,J,Chauffeur 30,"Stop 7,Stop 5,Stop 10,Stop 3,Stop 1,Stop 4,Stop 2"
528,B,Chauffeur 15,"Stop 8,Stop 1,Stop 2"
529,J,Chauffeur 100,"Stop 9,Stop 6,Stop 7,Stop 2,Stop 1"
530,A,Chauffeur 36,"Stop 7,Stop 10,Stop 3,Stop 2,Stop 8,Stop 4,Stop 6,Stop 1,Stop 5,Stop 9"
531,D,Chauffeur 18,"Stop 2,Stop 3,Stop 1,Stop 4"
532,G,Chauffeur 86,"Stop 3,Stop 7,Stop 4,Stop 5,Stop 1,Stop 10,Stop 9,Stop 6"
533,D,Chauffeur 29,"Stop 7,Stop 3,Stop 4,Stop 1,Stop 8,Stop 2"
534,H,Chauffeur 89,"Stop 4,Stop 5,Stop 3,Stop 10,Stop 1,Stop 2"
535,I,Chauffeur 14,"Stop 10,Stop 6,Stop 8,Stop 1,Stop 5,Stop 7,Stop 9,Stop 3,Stop 4"
536,J,Chauffeur 52,"Stop 10,Stop 5,Stop 3,Stop 4,Stop 8,Stop 2,Stop 7,Stop 6"
537,F,Chauffeur 65,"Stop 10,Stop 7,Stop 1,Stop 9,Stop 6,Stop 5,Stop 2,Stop 4,Stop 8"
538,J,Chauffeur 32,"Stop 8,Stop 9,Stop 3"
539,D,Chauffeur 97,"Stop 10,Stop 8,Stop 6,Stop 7,Stop 9,Stop 1,Stop 3,Stop 4,Stop 5,Stop 2"
540,C,Chauffeur 89,"Stop 1,Stop 5,Stop 10,Stop 2,Stop 7,Stop 3,Stop 9,Stop 8,Stop 4,Stop 6"
541,D,Chauffeur 31,"Stop 10,Stop 8,Stop 3,Stop 7,Stop 1,Stop 9,Stop 6,Stop 4"
542,B,Chauffeur 40,"Stop 7,Stop 5,Stop 2,Stop 3,Stop 10,Stop 4,Stop 6,Stop 1,Stop 8"
543,E,Chauffeur 43,"Stop 2,Stop 8,Stop 5,Stop 3,Stop 9,Stop 4,Stop 1"
544,F,Chauffeur 81,"Stop 2,Stop 4,Stop 7,Stop 10"
545,D,Chauffeur 88,"Stop 7,Stop 9,Stop 8,Stop 6,Stop 10,Stop 5"
546,D,Chauffeur 4,"Stop 4,Stop 3,Stop 7,Stop 1,Stop 2,Stop 6,Stop 10,Stop 8,Stop 9,Stop 5"
547,G,Chauffeur 77,"Stop 10,Stop 4,Stop 1,Stop 3,Stop 2,Stop 5,Stop 7,Stop 6,Stop 8"
548,H,Chauffeur 75,"Stop 2,Stop 5,Stop 1,Stop 4,Stop 7,Stop 6"
549,A,Chauffeur 16,"Stop 3,Stop 8,Stop 6"
550,I,Chauffeur 38,"Stop 5,Stop 10,Stop 7,Stop 2,Stop 6"
551,B,Chauffeur 65,"Stop 10,Stop 4,Stop 6,Stop 5,Stop 2,Stop 9,Stop 8,Stop 3,Stop 1,Stop 7"
552,J,Chauffeur 13,"Stop 6,Stop 7,Stop 1,Stop 10,Stop 3,Stop 4"
553,A,Chauffeur 9,"Stop 3,Stop 1,Stop 10,Stop 9,Stop 4,Stop 5,Stop 6"
554,I,Chauffeur 68,"Stop 10,Stop 7,Stop 1,Stop 4,Stop 2"
555,G,Chauffeur 52,"Stop 2,Stop 6,Stop 3,Stop 9,Stop 8,Stop 7,Stop 5,Stop 4,Stop 1"
556,D,Chauffeur 39,"Stop 5,Stop 10,Stop 2,Stop 3,Stop 7"
557,C,Chauffeur 43,"Stop 9,Stop 8,Stop 10,Stop 4,Stop 2"
558,C,Chauffeur 81,"Stop 9,Stop 8,Stop 10,Stop 2,Stop 1,Stop 4"
559,F,Chauffeur 27,"Stop 10,Stop 9,Stop 4,Stop 7,Stop 1,Stop 5,Stop 3,Stop 2,Stop 6"
560,F,Chauffeur 88,"Stop 8,Stop 5,Stop 7,Stop 9,Stop 2,Stop 3,Stop 6,Stop 10"
561,C,Chauffeur 50,"Stop 4,Stop 5,Stop 6,Stop 8,Stop 3,Stop 9,Stop 10"
562,H,Chauffeur 93,"Stop 5,Stop 3,Stop 6,Stop 9,Stop 10,Stop 1,Stop 2,Stop 8"
563,D,Chauffeur 91,"Stop 6,Stop 7,Stop 10,Stop 9,Stop 2,Stop 3,Stop 8,Stop 5,Stop 1,Stop 4"
564,E,Chauffeur 91,"Stop 8,Stop 9,Stop 5,Stop 3"
565,A,Chauffeur 94,"Stop 1,Stop 9,Stop 8"
566,J,Chauffeur 100,"Stop 8,Stop 9,Stop 6,Stop 1,Stop 3,Stop 10,Stop 2"
567,A,Chauffeur 93,"Stop 8,Stop 9,Stop 1,Stop 6,Stop 2,Stop 7,Stop 5,Stop 10"
568,D,Chauffeur 54,"Stop 1,Stop 9,Stop 2"
569,C,Chauffeur 42,"Stop 8,Stop 2,Stop 9,Stop 1,Stop 5,Stop 3,Stop 10,Stop 4"
570,D,Chauffeur 13,"Stop 4,Stop 9,Stop 3,Stop 6"
571,E,Chauffeur 35,"Stop 8,Stop 5,Stop 2,Stop 6,Stop 10,Stop 4,Stop 7,Stop 1,Stop 3,Stop 9"
572,B,Chauffeur 88,"Stop 8,Stop 2,Stop 5,Stop 1,Stop 6,Stop 10,Stop 7,Stop 4,Stop 9,Stop 3"
573,D,Chauffeur 82,"Stop 5,Stop 10,Stop 7,Stop 4,Stop 9,Stop 2,Stop 1,Stop 8,Stop 3,Stop 6"
574,G,Chauffeur 25,"Stop 6,Stop 2,Stop 8,Stop 1,Stop 10,Stop 7,Stop 5"
575,F,Chauffeur 70,"Stop 3,Stop 6,Stop 7"
576,F,Chauffeur 52,"Stop 6,Stop 5,Stop 2,Stop 10,Stop 1,Stop 7,Stop 4,Stop 9,Stop 8"
577,F,Chauffeur 36,"Stop 10,Stop 9,Stop 1,Stop 3,Stop 2,Stop 4"
578,I,Chauffeur 22,"Stop 4,Stop 5,Stop 9,Stop 3,Stop 6,Stop 2,Stop 8"
579,H,Chauffeur 13,"Stop 6,Stop 1,Stop 10"
580,G,Chauffeur 2,"Stop 1,Stop 3,Stop 9,Stop 2,Stop 7,Stop 6,Stop 10,Stop 4,Stop 8"
581,G,Chauffeur 89,"Stop 5,Stop 8,Stop 2,Stop 9,Stop 1,Stop 3,Stop 7,Stop 10,Stop 6"
582,C,Chauffeur 60,"Stop 8,Stop 10,Stop 2,Stop 6,Stop 9,Stop 7"
583,I,Chauffeur 75,"Stop 10,Stop 3,Stop 6,Stop 9,Stop 8,Stop 5,Stop 1,Stop 2"
584,H,Chauffeur 62,"Stop 1,Stop 3,Stop 10,Stop 4"
585,B,Chauffeur 25,"Stop 3,Stop 9,Stop 8,Stop 10,Stop 6,Stop 2,Stop 1"
586,C,Chauffeur 32,"Stop 7,Stop 4,Stop 6,Stop 5,Stop 3"
587,A,Chauffeur 78,"Stop 1,Stop 3,Stop 5,Stop 10,Stop 9"
588,I,Chauffeur 65,"Stop 9,Stop 6,Stop 2,Stop 3,Stop 4,Stop 5,Stop 7,Stop 1,Stop 10,Stop 8"
589,D,Chauffeur 34,"Stop 2,Stop 5,Stop 1,Stop 6,Stop 10,Stop 8,Stop 9,Stop 3"
590,B,Chauffeur 68,"Stop 8,Stop 2,Stop 6,Stop 7,Stop 3,Stop 4,Stop 1,Stop 5,Stop 9,Stop 10"
591,F,Chauffeur 83,"Stop 2,Stop 4,Stop 9"
592,F,Chauffeur 44,"Stop 8,Stop 9,Stop 2,Stop 7,Stop 4,Stop 1,Stop 3,Stop 5,Stop 6,Stop 10"
593,F,Chauffeur 65,"Stop 7,Stop 5,Stop 8,Stop 9"
594,G,Chauffeur 52,"Stop 1,Stop 4,Stop 2"
595,C,Chauffeur 42,"Stop 9,Stop 6,Stop 3,Stop 10,Stop 7"
596,C,Chauffeur 80,"Stop 6,Stop 10,Stop 2,Stop 7,Stop 9,Stop 1,Stop 8"
597,A,Chauffeur 5,"Stop 2,Stop 7,Stop 4,Stop 8,Stop 1,Stop 5,Stop 3,Stop 6"
598,I,Chauffeur 78,"Stop 10,Stop 7,Stop 1,Stop 9"
599,B,Chauffeur 37,"Stop 4,Stop 1,Stop 3,Stop 8"
600,G,Chauffeur 29,"Stop 1,Stop 8,Stop 5,Stop 6,Stop 2,Stop 9,Stop 7,Stop 10"
601,J,Chauffeur 82,"Stop 3,Stop 10,Stop 2,Stop 1,Stop 4,Stop 6,Stop 8,Stop 5,Stop 7,Stop 9"
602,J,Chauffeur 84,"Stop 4,Stop 6,Stop 1,Stop 5,Stop 8,Stop 2,Stop 9,Stop 10"
603,J,Chauffeur 36,"Stop 8,Stop 1,Stop 3,Stop 9,Stop 7"
604,J,Chauffeur 74,"Stop 9,Stop 3,Stop 7,Stop 10,Stop 4,Stop 8,Stop 5,Stop 6,Stop 1"
605,G,Chauffeur 53,"Stop 5,Stop 10,Stop 6,Stop 9,Stop 7,Stop 8,Stop 2,Stop 3,Stop 1,Stop 4"
606,F,Chauffeur 53,"Stop 3,Stop 6,Stop 8,Stop 9"
607,D,Chauffeur 47,"Stop 8,Stop 6,Stop 9"
608,G,Chauffeur 77,"Stop 8,Stop 4,Stop 2,Stop 6"
609,A,Chauffeur 24,"Stop 9,Stop 8,Stop 2,Stop 10,Stop 6,Stop 7,Stop 1,Stop 3,Stop 4"
610,J,Chauffeur 68,"Stop 4,Stop 2,Stop 3,Stop 1,Stop 10,Stop 6,Stop 7,Stop 5"
611,E,Chauffeur 64,"Stop 7,Stop 9,Stop 6,Stop 5"
612,C,Chauffeur 90,"Stop 9,Stop 1,Stop 4,Stop 3"
613,B,Chauffeur 89,"Stop 4,Stop 3,Stop 7,Stop 8,Stop 9"
614,I,Chauffeur 22,"Stop 4,Stop 10,Stop 3"
615,I,Chauffeur 86,"Stop 1,Stop 9,Stop 4,Stop 2"
616,E,Chauffeur 65,"Stop 2,Stop 1,Stop 7,Stop 8,Stop 3,Stop 9,Stop 10,Stop 4,Stop 6,Stop 5"
617,I,Chauffeur 72,"Stop 10,Stop 6,Stop 8,Stop 5"
618,E,Chauffeur 57,"Stop 9,Stop 6,Stop 7,Stop 5"
619,C,Chauffeur 62,"Stop 2,Stop 9,Stop 1,Stop 8"
620,C,Chauffeur 3,"Stop 1,Stop 6,Stop 5,Stop 4"
621,I,Chauffeur 46,"Stop 5,Stop 4,Stop 7,Stop 1,Stop 10,Stop 8,Stop 3,Stop 9"
622,G,Chauffeur 77,"Stop 4,Stop 6,Stop 8,Stop 10"
623,A,Chauffeur 28,"Stop 9,Stop 1,Stop 10"
624,E,Chauffeur 95,"Stop 2,Stop 3,Stop 5,Stop 8,Stop 1,Stop 6,Stop 4"
625,H,Chauffeur 47,"Stop 5,Stop 8,Stop 7"
626,D,Chauffeur 24,"Stop 1,Stop 4,Stop 8,Stop 2,Stop 6,Stop 10"
627,E,Chauffeur 31,"Stop 7,Stop 4,Stop 8"
628,G,Chauffeur 12,"Stop 9,Stop 4,Stop 8,Stop 5,Stop 7,Stop 1,Stop 10,Stop 2"
629,I,Chauffeur 35,"Stop 8,Stop 1,Stop 9,Stop 3,Stop 2,Stop 6,Stop 10,Stop 5"
630,A,Chauffeur 94,"Stop 1,Stop 8,Stop 6,Stop 7,Stop 10,Stop 5,Stop 2,Stop 3,Stop 9,Stop 4"
631,G,Chauffeur 12,"Stop 6,Stop 1,Stop 3,Stop 2"
632,I,Chauffeur 4,"Stop 2,Stop 1,Stop 5,Stop 10,Stop 3,Stop 4,Stop 9,Stop 6"
633,E,Chauffeur 37,"Stop 2,Stop 5,Stop 6,Stop 9,Stop 7,Stop 3,Stop 4"
634,H,Chauffeur 3,"Stop 1,Stop 3,Stop 4,Stop 7,Stop 8,Stop 6,Stop 5"
635,J,Chauffeur 46,"Stop 5,Stop 10,Stop 8,Stop 4,Stop 1,Stop 7,Stop 9,Stop 3,Stop 6,Stop 2"
636,H,Chauffeur 6,"Stop 8,Stop 5,Stop 2"
637,I,Chauffeur 44,"Stop 7,Stop 3,Stop 6,Stop 9"
638,E,Chauffeur 76,"Stop 9,Stop 5,Stop 8"
639,I,Chauffeur 81,"Stop 6,Stop 8,Stop 1,Stop 10,Stop 7,Stop 9,Stop 4,Stop 3"
640,I,Chauffeur 78,"Stop 6,Stop 9,Stop 8"
641,J,Chauffeur 79,"Stop 9,Stop 8,Stop 7,Stop 10,Stop 1"
642,E,Chauffeur 55,"Stop 8,Stop 7,Stop 6,Stop 10,Stop 1"
643,B,Chauffeur 58,"Stop 2,Stop 7,Stop 9,Stop 4,Stop 3,Stop 8,Stop 5,Stop 10,Stop 1,Stop 6"
644,H,Chauffeur 75,"Stop 5,Stop 8,Stop 9,Stop 2,Stop 6"
645,J,Chauffeur 24,"Stop 10,Stop 6,Stop 3,Stop 1"
646,D,Chauffeur 49,"Stop 7,Stop 5,Stop 4,Stop 8"
647,I,Chauffeur 78,"Stop 10,Stop 1,Stop 3,Stop 6,Stop 7,Stop 9,Stop 8,Stop 5"
648,H,Chauffeur 18,"Stop 8,Stop 4,Stop 3,Stop 2,Stop 10,Stop 9,Stop 7,Stop 6,Stop 1"
649,E,Chauffeur 60,"Stop 9,Stop 5,Stop 4,Stop 7,Stop 3,Stop 10,Stop 6,Stop 2,Stop 8,Stop 1"
650,A,Chauffeur 10,"Stop 10,Stop 1,Stop 9"
651,J,Chauffeur 59,"Stop 7,Stop 5,Stop 6,Stop 10,Stop 2,Stop 9,Stop 3,Stop 4"
652,F,Chauffeur 58,"Stop 8,Stop 7,Stop 3,Stop 4,Stop 5,Stop 1"
653,F,Chauffeur 2,"Stop 9,Stop 7,Stop 6,Stop 2,Stop 10,Stop 3,Stop 5,Stop 8,Stop 4"
654,C,Chauffeur 69,"Stop 9,Stop 7,Stop 8,Stop 4,Stop 10,Stop 2,Stop 3"
655,E,Chauffeur 13,"Stop 1,Stop 8,Stop 2,Stop 10,Stop 9,Stop 7,Stop 4,Stop 3,Stop 6,Stop 5"
656,F,Chauffeur 93,"Stop 4,Stop 9,Stop 7"
657,B,Chauffeur 86,"Stop 4,Stop 10,Stop 2,Stop 3,Stop 6,Stop 8,Stop 9,Stop 7,Stop 1,Stop 5"
658,H,Chauffeur 19,"Stop 4,Stop 2,Stop 10,Stop 8,Stop 9,Stop 5,Stop 7,Stop 6"
659,F,Chauffeur 56,"Stop 10,Stop 2,Stop 1,Stop 3,Stop 9"
660,D,Chauffeur 53,"Stop 5,Stop 3,Stop 7,Stop 4,Stop 8,Stop 1"
661,B,Chauffeur 91,"Stop 7,Stop 2,Stop 9,Stop 10,Stop 6,Stop 3,Stop 5,Stop 1,Stop 4,Stop 8"
662,B,Chauffeur 87,"Stop 10,Stop 3,Stop 5,Stop 2,Stop 9,Stop 7,Stop 1,Stop 6"
663,I,Chauffeur 35,"Stop 9,Stop 8,Stop 2,Stop 10,Stop 6,Stop 7,Stop 5"
664,A,Chauffeur 7,"Stop 9,Stop 2,Stop 10,Stop 7,Stop 6,Stop 4,Stop 3"
665,E,Chauffeur 84,"Stop 7,Stop 10,Stop 3,Stop 6,Stop 1"
666,D,Chauffeur 100,"Stop 1,Stop 8,Stop 4,Stop 6,Stop 3,Stop 7,Stop 2"
667,F,Chauffeur 32,"Stop 10,Stop 1,Stop 7,Stop 9,Stop 3,Stop 8,Stop 5"
668,F,Chauffeur 55,"Stop 1,Stop 7,Stop 9,Stop 2"
669,I,Chauffeur 13,"Stop 6,Stop 5,Stop 10,Stop 1,Stop 7,Stop 4,Stop 8,Stop 3,Stop 9"
670,F,Chauffeur 42,"Stop 8,Stop 3,Stop 9,Stop 7,Stop 2,Stop 4,Stop 5,Stop 6"
671,I,Chauffeur 56,"Stop 2,Stop 9,Stop 4,Stop 1,Stop 6,Stop 3,Stop 5,Stop 8"
672,F,Chauffeur 73,"Stop 9,Stop 1,Stop 10,Stop 8,Stop 4,Stop 6"
673,A,Chauffeur 49,"Stop 9,Stop 4,Stop 10,Stop 2,Stop 8,Stop 7,Stop 5,Stop 6,Stop 3,Stop 1"
674,F,Chauffeur 44,"Stop 10,Stop 5,Stop 1,Stop 9,Stop 3,Stop 4"
675,F,Chauffeur 45,"Stop 7,Stop 2,Stop 10,Stop 8,Stop 9,Stop 3,Stop 1,Stop 4"
676,C,Chauffeur 99,"Stop 3,Stop 7,Stop 5"
677,F,Chauffeur 90,"Stop 1,Stop 6,Stop 10,Stop 9"
678,H,Chauffeur 33,"Stop 5,Stop 8,Stop 7,Stop 1,Stop 3,Stop 2,Stop 10,Stop 9,Stop 6,Stop 4"
679,H,Chauffeur 53,"Stop 3,Stop 5,Stop 7,Stop 8,Stop 1,Stop 2,Stop 4"
680,G,Chauffeur 5,"Stop 8,Stop 10,Stop 4,Stop 6"
681,D,Chauffeur 56,"Stop 10,Stop 8,Stop 4,Stop 6,Stop 7,Stop 5,Stop 9,Stop 2,Stop 3,Stop 1"
682,I,Chauffeur 2,"Stop 5,Stop 3,Stop 8,Stop 7,Stop 9,Stop 10,Stop 1,Stop 2,Stop 6"
683,I,Chauffeur 47,"Stop 8,Stop 5,Stop 10,Stop 6,Stop 3,Stop 7,Stop 4,Stop 1"
684,C,Chauffeur 99,"Stop 2,Stop 3,Stop 9"
685,J,Chauffeur 5,"Stop 7,Stop 2,Stop 6,Stop 5,Stop 4,Stop 9"
686,F,Chauffeur 67,"Stop 6,Stop 9,Stop 5,Stop 7,Stop 3,Stop 4,Stop 8,Stop 2,Stop 10,Stop 1"
687,H,Chauffeur 42,"Stop 3,Stop 5,Stop 1,Stop 2,Stop 7,Stop 10"
688,C,Chauffeur 92,"Stop 6,Stop 2,Stop 5,Stop 9"
689,G,Chauffeur 53,"Stop 8,Stop 6,Stop 2,Stop 10,Stop 1,Stop 9"
690,I,Chauffeur 42,"Stop 4,Stop 8,Stop 2,Stop 5,Stop 1"
691,D,Chauffeur 17,"Stop 4,Stop 8,Stop 3,Stop 5,Stop 7"
692,I,Chauffeur 13,"Stop 2,Stop 8,Stop 5,Stop 3,Stop 9"
693,C,Chauffeur 18,"Stop 8,Stop 3,Stop 4,Stop 1,Stop 5,Stop 10,Stop 9"
694,H,Chauffeur 47,"Stop 3,Stop 5,Stop 8,Stop 1,Stop 9"
695,C,Chauffeur 73,"Stop 7,Stop 9,Stop 1,Stop 3,Stop 5,Stop 2"
696,D,Chauffeur 60,"Stop 2,Stop 8,Stop 1,Stop 3,Stop 4,Stop 7,Stop 6,Stop 10,Stop 5"
697,F,Chauffeur 59,"Stop 9,Stop 1,Stop 3,Stop 2,Stop 8,Stop 5,Stop 6,Stop 4,Stop 7,Stop 10"
698,E,Chauffeur 87,"Stop 10,Stop 6,Stop 9,Stop 1,Stop 2,Stop 8,Stop 3"
699,C,Chauffeur 8,"Stop 6,Stop 3,Stop 7,Stop 5,Stop 8,Stop 4"
700,E,Chauffeur 24,"Stop 10,Stop 3,Stop 2"
701,C,Chauffeur 58,"Stop 3,Stop 6,Stop 9,Stop 1,Stop 4,Stop 7"
702,A,Chauffeur 96,"Stop 1,Stop 5,Stop 3,Stop 6"
703,E,Chauffeur 60,"Stop 7,Stop 4,Stop 2,Stop 6,Stop 3,Stop 8,Stop 1"
704,A,Chauffeur 58,"Stop 6,Stop 7,Stop 8,Stop 1,Stop 4,Stop 10,Stop 9"
705,J,Chauffeur 36,"Stop 10,Stop 1,Stop 9,Stop 5,Stop 4,Stop 3,Stop 7,Stop 8,Stop 2"
706,I,Chauffeur 33,"Stop 5,Stop 1,Stop 8,Stop 6,Stop 2,Stop 7"
707,A,Chauffeur 31,"Stop 7,Stop 8,Stop 9,Stop 4,Stop 5,Stop 1,Stop 10,Stop 2"
708,G,Chauffeur 89,"Stop 3,Stop 10,Stop 1,Stop 4,Stop 5"
709,G,Chauffeur 72,"Stop 10,Stop 8,Stop 6,Stop 3,Stop 2,Stop 4,Stop 1,Stop 5,Stop 9"
710,F,Chauffeur 73,"Stop 4,Stop 6,Stop 3,Stop 9,Stop 8,Stop 2,Stop 10,Stop 5,Stop 7,Stop 1"
711,G,Chauffeur 50,"Stop 9,Stop 5,Stop 3,Stop 7,Stop 4,Stop 2,Stop 1,Stop 10,Stop 6"
712,E,Chauffeur 22,"Stop 1,Stop 10,Stop 5,Stop 7,Stop 4,Stop 8,Stop 6,Stop 3,Stop 2"
713,F,Chauffeur 66,"Stop 2,Stop 10,Stop 3"
714,G,Chauffeur 81,"Stop 1,Stop 7,Stop 2,Stop 9,Stop 4"
715,G,Chauffeur 57,"Stop 2,Stop 9,Stop 8,Stop 5,Stop 10,Stop 1,Stop 6,Stop 4,Stop 7"
716,E,Chauffeur 79,"Stop 2,Stop 8,Stop 3,Stop 9,Stop 5,Stop 6"
717,J,Chauffeur 46,"Stop 4,Stop 7,Stop 10,Stop 1,Stop 9,Stop 3,Stop 6"
718,C,Chauffeur 81,"Stop 3,Stop 9,Stop 4,Stop 10,Stop 1,Stop 7"
719,I,Chauffeur 35,"Stop 10,Stop 2,Stop 5,Stop 6,Stop 9,Stop 1,Stop 4,Stop 7,Stop 8"
720,G,Chauffeur 29,"Stop 8,Stop 3,Stop 5,Stop 7,Stop 1,Stop 4,Stop 10,Stop 2,Stop 6"
721,I,Chauffeur 23,"Stop 1,Stop 2,Stop 10,Stop 6,Stop 7,Stop 4,Stop 5,Stop 9,Stop 8"
722,J,Chauffeur 62,"Stop 3,Stop 8,Stop 4,Stop 6,Stop 7,Stop 10,Stop 5,Stop 9,Stop 2,Stop 1"
723,H,Chauffeur 12,"Stop 10,Stop 3,Stop 9,Stop 4,Stop 7,Stop 2"
724,A,Chauffeur 87,"Stop 4,Stop 5,Stop 10,Stop 8,Stop 2,Stop 3,Stop 9,Stop 1"
725,C,Chauffeur 100,"Stop 5,Stop 7,Stop 1,Stop 3,Stop 6,Stop 10,Stop 4,Stop 2"
726,J,Chauffeur 42,"Stop 3,Stop 7,Stop 1,Stop 4,Stop 6,Stop 9,Stop 10,Stop 2,Stop 8"
727,C,Chauffeur 61,"Stop 6,Stop 9,Stop 7,Stop 5"
728,E,Chauffeur 65,"Stop 2,Stop 10,Stop 7,Stop 6,Stop 5"
729,C,Chauffeur 16,"Stop 8,Stop 2,Stop 3,Stop 6,Stop 7,Stop 5,Stop 1,Stop 9,Stop 10,Stop 4"
730,G,Chauffeur 44,"Stop 8,Stop 9,Stop 2,Stop 1,Stop 6,Stop 10"
731,A,Chauffeur 33,"Stop 1,Stop 10,Stop 4,Stop 6"
732,A,Chauffeur 10,"Stop 4,Stop 7,Stop 5,Stop 8,Stop 3,Stop 10"
733,B,Chauffeur 25,"Stop 2,Stop 9,Stop 8"
734,H,Chauffeur 30,"Stop 4,Stop 9,Stop 8"
735,B,Chauffeur 44,"Stop 9,Stop 10,Stop 8,Stop 4,Stop 1,Stop 6,Stop 3"
736,F,Chauffeur 15,"Stop 2,Stop 9,Stop 3,Stop 1,Stop 5"
737,D,Chauffeur 38,"Stop 9,Stop 8,Stop 4,Stop 6,Stop 3,Stop 2,Stop 7,Stop 1,Stop 5"
738,A,Chauffeur 84,"Stop 2,Stop 9,Stop 8,Stop 10"
739,C,Chauffeur 81,"Stop 6,Stop 7,Stop 3,Stop 5,Stop 1,Stop 10"
740,H,Chauffeur 15,"Stop 10,Stop 2,Stop 3,Stop 5,Stop 1"
741,B,Chauffeur 29,"Stop 5,Stop 10,Stop 7"
742,E,Chauffeur 66,"Stop 3,Stop 6,Stop 5,Stop 10,Stop 9,Stop 4,Stop 8,Stop 2"
743,H,Chauffeur 14,"Stop 6,Stop 8,Stop 3,Stop 10,Stop 2,Stop 1,Stop 9,Stop 7"
744,F,Chauffeur 43,"Stop 3,Stop 6,Stop 1,Stop 9,Stop 10"
745,C,Chauffeur 55,"Stop 6,Stop 3,Stop 4,Stop 2,Stop 7,Stop 1"
746,G,Chauffeur 47,"Stop 2,Stop 7,Stop 4,Stop 8,Stop 5,Stop 10,Stop 9,Stop 3,Stop 1"
747,B,Chauffeur 37,"Stop 2,Stop 9,Stop 4,Stop 6,Stop 1,Stop 10,Stop 7,Stop 8,Stop 5,Stop 3"
748,B,Chauffeur 73,"Stop 5,Stop 3,Stop 4,Stop 9,Stop 2,Stop 10,Stop 7,Stop 1"
749,H,Chauffeur 39,"Stop 10,Stop 3,Stop 5,Stop 4,Stop 6,Stop 9,Stop 2"
750,B,Chauffeur 58,"Stop 1,Stop 7,Stop 3,Stop 9,Stop 6,Stop 4,Stop 5,Stop 8"
751,H,Chauffeur 42,"Stop 5,Stop 2,Stop 10,Stop 7,Stop 1,Stop 6"
752,C,Chauffeur 96,"Stop 7,Stop 8,Stop 6,Stop 5,Stop 1,Stop 4,Stop 10"
753,D,Chauffeur 29,"Stop 8,Stop 9,Stop 2"
754,G,Chauffeur 48,"Stop 10,Stop 7,Stop 8,Stop 6"
755,D,Chauffeur 31,"Stop 3,Stop 6,Stop 8"
756,A,Chauffeur 64,"Stop 6,Stop 2,Stop 5,Stop 3"
757,B,Chauffeur 90,"Stop 3,Stop 2,Stop 9,Stop 5,Stop 6,Stop 10,Stop 8,Stop 7,Stop 4"
758,I,Chauffeur 90,"Stop 5,Stop 8,Stop 4,Stop 6,Stop 9,Stop 7,Stop 10,Stop 3,Stop 1"
759,G,Chauffeur 85,"Stop 1,Stop 5,Stop 7,Stop 10,Stop 4,Stop 8"
760,A,Chauffeur 71,"Stop 5,Stop 7,Stop 4,Stop 1,Stop 2,Stop 10,Stop 6,Stop 3,Stop 8"
761,H,Chauffeur 28,"Stop 5,Stop 6,Stop 3,Stop 7,Stop 8,Stop 9"
762,J,Chauffeur 55,"Stop 6,Stop 7,Stop 10"
763,C,Chauffeur 19,"Stop 6,Stop 9,Stop 3,Stop 4"
764,C,Chauffeur 69,"Stop 1,Stop 4,Stop 10,Stop 9"
765,H,Chauffeur 61,"Stop 7,Stop 10,Stop 5,Stop 8,Stop 4,Stop 9,Stop 3,Stop 1"
766,A,Chauffeur 80,"Stop 3,Stop 9,Stop 7,Stop 1,Stop 6,Stop 10,Stop 8"
767,B,Chauffeur 12,"Stop 10,Stop 1,Stop 7,Stop 4,Stop 8,Stop 5,Stop 3,Stop 2"
768,G,Chauffeur 20,"Stop 10,Stop 2,Stop 4,Stop 3"
769,B,Chauffeur 64,"Stop 4,Stop 10,Stop 9,Stop 8,Stop 3"
770,J,Chauffeur 95,"Stop 5,Stop 4,Stop 10,Stop 2,Stop 1,Stop 7,Stop 6"
771,J,Chauffeur 60,"Stop 9,Stop 3,Stop 10,Stop 5"
772,B,Chauffeur 27,"Stop 1,Stop 10,Stop 4"
773,I,Chauffeur 54,"Stop 5,Stop 6,Stop 2,Stop 3,Stop 8,Stop 9"
774,J,Chauffeur 12,"Stop 7,Stop 10,Stop 1"
775,C,Chauffeur 19,"Stop 9,Stop 1,Stop 10,Stop 3"
776,D,Chauffeur 77,"Stop 2,Stop 9,Stop 5,Stop 3,Stop 4,Stop 1,Stop 8"
777,J,Chauffeur 63,"Stop 1,Stop 9,Stop 7,Stop 5,Stop 8,Stop 6"
778,E,Chauffeur 40,"Stop 8,Stop 6,Stop 9,Stop 5,Stop 1,Stop 3,Stop 10,Stop 7,Stop 2,Stop 4"
779,I,Chauffeur 30,"Stop 10,Stop 6,Stop 5,Stop 8,Stop 7,Stop 3,Stop 9,Stop 2,Stop 1,Stop 4"
780,F,Chauffeur 17,"Stop 1,Stop 7,Stop 8"
781,E,Chauffeur 45,"Stop 7,Stop 4,Stop 2,Stop 6,Stop 1,Stop 3,Stop 5,Stop 9,Stop 10,Stop 8"
782,E,Chauffeur 56,"Stop 9,Stop 7,Stop 4,Stop 3"
783,J,Chauffeur 79,"Stop 6,Stop 1,Stop 8,Stop 4"
784,G,Chauffeur 62,"Stop 10,Stop 5,Stop 6,Stop 4,Stop 1,Stop 2,Stop 7,Stop 9"
785,F,Chauffeur 5,"Stop 2,Stop 3,Stop 9,Stop 8"
786,I,Chauffeur 54,"Stop 5,Stop 2,Stop 10"
787,E,Chauffeur 56,"Stop 1,Stop 2,Stop 10,Stop 3,Stop 8,Stop 7"
788,F,Chauffeur 54,"Stop 4,Stop 2,Stop 6,Stop 10,Stop 9,Stop 7,Stop 8,Stop 5,Stop 1,Stop 3"
789,B,Chauffeur 94,"Stop 9,Stop 4,Stop 5,Stop 1,Stop 2,Stop 6,Stop 10,Stop 8,Stop 3"
790,H,Chauffeur 83,"Stop 5,Stop 9,Stop 2,Stop 4,Stop 7,Stop 3"
791,H,Chauffeur 93,"Stop 5,Stop 10,Stop 4,Stop 6,Stop 7,Stop 2"
792,H,Chauffeur 53,"Stop 3,Stop 6,Stop 8,Stop 5,Stop 10,Stop 7"
793,E,Chauffeur 18,"Stop 1,Stop 3,Stop 4"
794,I,Chauffeur 61,"Stop 3,Stop 5,Stop 1,Stop 2,Stop 10,Stop 7,Stop 9,Stop 4"
795,A,Chauffeur 49,"Stop 2,Stop 9,Stop 6,Stop 8,Stop 7,Stop 5"
796,G,Chauffeur 75,"Stop 9,Stop 6,Stop 5,Stop 4,Stop 3"
797,J,Chauffeur 81,"Stop 10,Stop 6,Stop 3,Stop 8,Stop 4,Stop 5"
798,C,Chauffeur 96,"Stop 4,Stop 7,Stop 5,Stop 1,Stop 6,Stop 10,Stop 2,Stop 9"
799,B,Chauffeur 76,"Stop 9,Stop 7,Stop 3,Stop 10,Stop 1,Stop 6,Stop 2,Stop 5"
800,C,Chauffeur 20,"Stop 9,Stop 3,Stop 8,Stop 2,Stop 6,Stop 10"
801,G,Chauffeur 41,"Stop 1,Stop 2,Stop 10,Stop 9"
802,F,Chauffeur 86,"Stop 7,Stop 4,Stop 9,Stop 10,Stop 5,Stop 8,Stop 1,Stop 3,Stop 6,Stop 2"
803,C,Chauffeur 90,"Stop 4,Stop 8,Stop 1,Stop 5,Stop 3,Stop 2,Stop 6,Stop 7,Stop 10"
804,G,Chauffeur 15,"Stop 3,Stop 6,Stop 7,Stop 8,Stop 2,Stop 5,Stop 4,Stop 1"
805,J,Chauffeur 82,"Stop 10,Stop 4,Stop 8,Stop 9,Stop 3"
806,C,Chauffeur 34,"Stop 7,Stop 9,Stop 3,Stop 10,Stop 1,Stop 6,Stop 2,Stop 5,Stop 4,Stop 8"
807,C,Chauffeur 7,"Stop 2,Stop 5,Stop 8,Stop 4,Stop 10,Stop 7,Stop 3,Stop 6,Stop 9"
808,B,Chauffeur 66,"Stop 3,Stop 7,Stop 9,Stop 6,Stop 8,Stop 2,Stop 1,Stop 5,Stop 10,Stop 4"
809,G,Chauffeur 3,"Stop 10,Stop 9,Stop 2"
810,A,Chauffeur 39,"Stop 10,Stop 8,Stop 4,Stop 3,Stop 7,Stop 1,Stop 2,Stop 9,Stop 5"
811,H,Chauffeur 27,"Stop 8,Stop 7,Stop 6,Stop 1,Stop 4,Stop 2,Stop 5"
812,I,Chauffeur 83,"Stop 2,Stop 5,Stop 4,Stop 3,Stop 9,Stop 6,Stop 8"
813,D,Chauffeur 11,"Stop 4,Stop 6,Stop 8,Stop 9,Stop 1,Stop 5,Stop 3,Stop 7"
814,B,Chauffeur 99,"Stop 4,Stop 5,Stop 2,Stop 7,Stop 3,Stop 6,Stop 9,Stop 10,Stop 8,Stop 1"
815,D,Chauffeur 30,"Stop 2,Stop 10,Stop 4,Stop 9,Stop 7,Stop 6"
816,A,Chauffeur 75,"Stop 2,Stop 6,Stop 3,Stop 5,Stop 9,Stop 10,Stop 7,Stop 8"
817,H,Chauffeur 86,"Stop 1,Stop 6,Stop 7,Stop 5,Stop 8,Stop 4,Stop 10,Stop 9,Stop 2"
818,A,Chauffeur 89,"Stop 3,Stop 1,Stop 9,Stop 8"
819,J,Chauffeur 83,"Stop 1,Stop 7,Stop 4,Stop 3,Stop 10"
820,F,Chauffeur 2,"Stop 4,Stop 7,Stop 5,Stop 8,Stop 9,Stop 3,Stop 1,Stop 2"
821,D,Chauffeur 18,"Stop 10,Stop 5,Stop 7,Stop 4"
822,J,Chauffeur 11,"Stop 10,Stop 6,Stop 2,Stop 4,Stop 1,Stop 9,Stop 3,Stop 8"
823,E,Chauffeur 69,"Stop 3,Stop 1,Stop 2"
824,E,Chauffeur 78,"Stop 7,Stop 6,Stop 4"
825,B,Chauffeur 10,"Stop 10,Stop 5,Stop 4,Stop 6,Stop 3,Stop 7,Stop 1,Stop 8,Stop 9,Stop 2"
826,H,Chauffeur 14,"Stop 3,Stop 5,Stop 6,Stop 7,Stop 1,Stop 4,Stop 8,Stop 10,Stop 2,Stop 9"
827,H,Chauffeur 40,"Stop 8,Stop 7,Stop 1,Stop 5,Stop 6,Stop 4,Stop 2"
828,D,Chauffeur 61,"Stop 6,Stop 3,Stop 7,Stop 10,Stop 9"
829,E,Chauffeur 23,"Stop 7,Stop 1,Stop 6,Stop 9,Stop 10,Stop 4,Stop 3"
830,J,Chauffeur 7,"Stop 9,Stop 5,Stop 10,Stop 7,Stop 8,Stop 2,Stop 1,Stop 3,Stop 6"
831,G,Chauffeur 32,"Stop 10,Stop 6,Stop 7,Stop 3,Stop 2,Stop 5,Stop 1,Stop 8,Stop 4,Stop 9"
832,J,Chauffeur 50,"Stop 6,Stop 4,Stop 10,Stop 9"
833,J,Chauffeur 47,"Stop 9,Stop 6,Stop 4,Stop 5,Stop 8,Stop 2,Stop 10,Stop 7,Stop 1"
834,J,Chauffeur 70,"Stop 9,Stop 2,Stop 7,Stop 6,Stop 10"
835,J,Chauffeur 28,"Stop 5,Stop 6,Stop 10,Stop 4,Stop 2,Stop 8,Stop 7,Stop 3,Stop 1,Stop 9"
836,D,Chauffeur 3,"Stop 7,Stop 5,Stop 6,Stop 3,Stop 8,Stop 9,Stop 1,Stop 2,Stop 4,Stop 10"
837,D,Chauffeur 90,"Stop 7,Stop 2,Stop 10,Stop 6,Stop 3"
838,G,Chauffeur 18,"Stop 1,Stop 7,Stop 4,Stop 6,Stop 9,Stop 5,Stop 8"
839,D,Chauffeur 84,"Stop 8,Stop 3,Stop 9,Stop 7,Stop 4,Stop 6"
840,F,Chauffeur 36,"Stop 1,Stop 7,Stop 9,Stop 2,Stop 8,Stop 4,Stop 10,Stop 6"
841,A,Chauffeur 14,"Stop 3,Stop 8,Stop 10,Stop 5,Stop 2"
842,J,Chauffeur 80,"Stop 7,Stop 9,Stop 4,Stop 5,Stop 6"
843,C,Chauffeur 76,"Stop 7,Stop 2,Stop 4,Stop 5,Stop 8,Stop 6,Stop 9"
844,H,Chauffeur 66,"Stop 1,Stop 10,Stop 2,Stop 9,Stop 6"
845,I,Chauffeur 54,"Stop 10,Stop 4,Stop 8,Stop 5,Stop 1,Stop 6"
846,H,Chauffeur 67,"Stop 10,Stop 1,Stop 4,Stop 2,Stop 3,Stop 5"
847,I,Chauffeur 42,"Stop 2,Stop 8,Stop 3,Stop 1,Stop 10,Stop 4,Stop 6,Stop 9"
848,J,Chauffeur 41,"Stop 3,Stop 9,Stop 1,Stop 7,Stop 6"
849,I,Chauffeur 41,"Stop 6,Stop 7,Stop 8,Stop 1,Stop 9,Stop 10"
850,H,Chauffeur 32,"Stop 2,Stop 4,Stop 3,Stop 5,Stop 1,Stop 6"
851,B,Chauffeur 57,"Stop 9,Stop 3,Stop 4,Stop 6,Stop 2,Stop 5,Stop 8,Stop 10"
852,G,Chauffeur 58,"Stop 6,Stop 10,Stop 5,Stop 8,Stop 3,Stop 1,Stop 9,Stop 7,Stop 2,Stop 4"
853,E,Chauffeur 12,"Stop 5,Stop 7,Stop 1,Stop 4,Stop 2,Stop 9,Stop 6,Stop 10,Stop 8,Stop 3"
854,H,Chauffeur 2,"Stop 7,Stop 2,Stop 10,Stop 9,Stop 8,Stop 3"
855,J,Chauffeur 99,"Stop 9,Stop 4,Stop 1,Stop 7,Stop 6,Stop 2,Stop 10,Stop 8,Stop 3,Stop 5"
856,C,Chauffeur 82,"Stop 10,Stop 7,Stop 1,Stop 2"
857,D,Chauffeur 20,"Stop 3,Stop 4,Stop 9,Stop 8,Stop 1,Stop 10"
858,H,Chauffeur 39,"Stop 2,Stop 4,Stop 8,Stop 10,Stop 5"
859,F,Chauffeur 45,"Stop 8,Stop 6,Stop 2,Stop 5,Stop 9,Stop 4,Stop 10,Stop 1,Stop 7"
860,J,Chauffeur 22,"Stop 8,Stop 5,Stop 7,Stop 9,Stop 1,Stop 10,Stop 2,Stop 4,Stop 3,Stop 6"
861,G,Chauffeur 37,"Stop 1,Stop 7,Stop 2,Stop 8,Stop 6,Stop 9,Stop 10,Stop 5"
862,E,Chauffeur 63,"Stop 6,Stop 1,Stop 5,Stop 2,Stop 3,Stop 8"
863,D,Chauffeur 17,"Stop 7,Stop 2,Stop 8,Stop 6,Stop 9,Stop 1,Stop 3,Stop 10"
864,E,Chauffeur 66,"Stop 2,Stop 6,Stop 10,Stop 7"
865,J,Chauffeur 37,"Stop 1,Stop 8,Stop 9,Stop 2"
866,G,Chauffeur 66,"Stop 8,Stop 7,Stop 10,Stop 4,Stop 6,Stop 9,Stop 5"
867,I,Chauffeur 57,"Stop 8,Stop 3,Stop 9,Stop 2,Stop 6"
868,A,Chauffeur 22,"Stop 8,Stop 3,Stop 6,Stop 4,Stop 2,Stop 7,Stop 9"
869,I,Chauffeur 15,"Stop 10,Stop 2,Stop 7,Stop 8,Stop 1,Stop 5,Stop 9,Stop 6,Stop 4"
870,G,Chauffeur 84,"Stop 4,Stop 5,Stop 1,Stop 7"
871,I,Chauffeur 15,"Stop 7,Stop 10,Stop 3,Stop 9,Stop 5,Stop 4,Stop 1,Stop 2,Stop 8"
872,I,Chauffeur 10,"Stop 2,Stop 3,Stop 6,Stop 5,Stop 7,Stop 8,Stop 10,Stop 4,Stop 1,Stop 9"
873,J,Chauffeur 1,"Stop 7,Stop 2,Stop 5,Stop 4,Stop 1"
874,G,Chauffeur 94,"Stop 2,Stop 1,Stop 9,Stop 3"
875,J,Chauffeur 75,"Stop 5,Stop 7,Stop 8,Stop 2,Stop 4,Stop 3,Stop 6,Stop 9"
876,B,Chauffeur 64,"Stop 2,Stop 10,Stop 8"
877,J,Chauffeur 93,"Stop 2,Stop 8,Stop 5,Stop 3,Stop 1,Stop 10,Stop 6"
878,E,Chauffeur 69,"Stop 1,Stop 10,Stop 7,Stop 9,Stop 5,Stop 4,Stop 6,Stop 3,Stop 2"
879,A,Chauffeur 89,"Stop 10,Stop 8,Stop 6,Stop 2,Stop 4,Stop 3,Stop 9,Stop 7"
880,C,Chauffeur 20,"Stop 3,Stop 4,Stop 10,Stop 5"
881,F,Chauffeur 45,"Stop 1,Stop 9,Stop 4,Stop 3,Stop 5"
882,C,Chauffeur 98,"Stop 5,Stop 7,Stop 3,Stop 2,Stop 9,Stop 1"
883,F,Chauffeur 2,"Stop 4,Stop 2,Stop 5,Stop 9,Stop 10,Stop 6,Stop 8"
884,F,Chauffeur 61,"Stop 10,Stop 9,Stop 5,Stop 4,Stop 1,Stop 3,Stop 6,Stop 2,Stop 7"
885,J,Chauffeur 25,"Stop 8,Stop 2,Stop 6,Stop 10,Stop 4"
886,D,Chauffeur 69,"Stop 7,Stop 9,Stop 3,Stop 10,Stop 8,Stop 2"
887,E,Chauffeur 18,"Stop 1,Stop 2,Stop 3,Stop 4,Stop 5,Stop 10,Stop 9"
888,G,Chauffeur 1,"Stop 10,Stop 1,Stop 2,Stop 8,Stop 3,Stop 6,Stop 7,Stop 4,Stop 5,Stop 9"
889,I,Chauffeur 92,"Stop 3,Stop 5,Stop 10,Stop 1,Stop 8,Stop 2"
890,F,Chauffeur 17,"Stop 2,Stop 7,Stop 6,Stop 10,Stop 9"
891,B,Chauffeur 50,"Stop 4,Stop 2,Stop 10"
892,A,Chauffeur 22,"Stop 6,Stop 4,Stop 2,Stop 10,Stop 8,Stop 7,Stop 9,Stop 3"
893,H,Chauffeur 73,"Stop 2,Stop 1,Stop 5,Stop 10,Stop 9,Stop 3,Stop 8,Stop 6,Stop 7"
894,A,Chauffeur 80,"Stop 1,Stop 5,Stop 8,Stop 10,Stop 4,Stop 9,Stop 3,Stop 6"
895,D,Chauffeur 37,"Stop 1,Stop 10,Stop 2,Stop 5,Stop 3,Stop 4,Stop 7,Stop 8,Stop 6"
896,A,Chauffeur 72,"Stop 4,Stop 7,Stop 5,Stop 9,Stop 8,Stop 3,Stop 2,Stop 1"
897,I,Chauffeur 97,"Stop 6,Stop 9,Stop 1"
898,H,Chauffeur 76,"Stop 6,Stop 5,Stop 7,Stop 2,Stop 10,Stop 4,Stop 3,Stop 1,Stop 9,Stop 8"
899,F,Chauffeur 16,"Stop 5,Stop 7,Stop 4,Stop 2,Stop 9,Stop 3,Stop 8,Stop 10,Stop 1"
900,G,Chauffeur 33,"Stop 7,Stop 10,Stop 9,Stop 5,Stop 3,Stop 8,Stop 2"
901,H,Chauffeur 55,"Stop 3,Stop 10,Stop 1,Stop 4,Stop 2,Stop 5,Stop 8"
902,E,Chauffeur 99,"Stop 9,Stop 10,Stop 7,Stop 6,Stop 5,Stop 3,Stop 4,Stop 8,Stop 2,Stop 1"
903,G,Chauffeur 73,"Stop 5,Stop 8,Stop 1,Stop 4,Stop 3,Stop 2,Stop 10,Stop 6,Stop 7"
904,F,Chauffeur 50,"Stop 1,Stop 5,Stop 2,Stop 10,Stop 4,Stop 7,Stop 6,Stop 8,Stop 9,Stop 3"
905,F,Chauffeur 92,"Stop 5,Stop 1,Stop 8"
906,J,Chauffeur 77,"Stop 6,Stop 8,Stop 10,Stop 5"
907,B,Chauffeur 48,"Stop 6,Stop 7,Stop 5"
908,E,Chauffeur 75,"Stop 8,Stop 4,Stop 1,Stop 10,Stop 3,Stop 9,Stop 6,Stop 2,Stop 5,Stop 7"
909,J,Chauffeur 48,"Stop 4,Stop 6,Stop 9,Stop 1,Stop 8,Stop 10,Stop 2,Stop 3,Stop 5"
910,I,Chauffeur 15,"Stop 10,Stop 5,Stop 4,Stop 3,Stop 8,Stop 6"
911,C,Chauffeur 27,"Stop 10,Stop 4,Stop 7,Stop 2"
912,H,Chauffeur 72,"Stop 9,Stop 4,Stop 3"
913,J,Chauffeur 39,"Stop 6,Stop 2,Stop 7,Stop 1,Stop 4"
914,C,Chauffeur 67,"Stop 1,Stop 3,Stop 7,Stop 4"
915,J,Chauffeur 7,"Stop 4,Stop 3,Stop 7,Stop 1,Stop 6,Stop 8,Stop 9"
916,I,Chauffeur 49,"Stop 4,Stop 9,Stop 5,Stop 1,Stop 2,Stop 3,Stop 10,Stop 8"
917,B,Chauffeur 79,"Stop 4,Stop 10,Stop 9,Stop 3"
918,A,Chauffeur 8,"Stop 8,Stop 6,Stop 1"
919,A,Chauffeur 18,"Stop 9,Stop 7,Stop 1,Stop 8"
920,I,Chauffeur 67,"Stop 2,Stop 5,Stop 7"
921,H,Chauffeur 59,"Stop 3,Stop 7,Stop 9,Stop 1,Stop 4,Stop 2,Stop 10,Stop 8,Stop 5,Stop 6"
922,I,Chauffeur 11,"Stop 1,Stop 6,Stop 2,Stop 7"
923,B,Chauffeur 96,"Stop 10,Stop 3,Stop 1"
924,F,Chauffeur 67,"Stop 1,Stop 7,Stop 2,Stop 9,Stop 6,Stop 10,Stop 3"
925,A,Chauffeur 3,"Stop 6,Stop 8,Stop 7,Stop 10,Stop 2,Stop 1,Stop 3,Stop 9"
926,B,Chauffeur 17,"Stop 7,Stop 6,Stop 4,Stop 10,Stop 3,Stop 8,Stop 2,Stop 1"
927,E,Chauffeur 54,"Stop 1,Stop 4,Stop 10,Stop 5"
928,B,Chauffeur 81,"Stop 4,Stop 6,Stop 9,Stop 5,Stop 7,Stop 8,Stop 2,Stop 1,Stop 10,Stop 3"
929,H,Chauffeur 14,"Stop 4,Stop 2,Stop 7,Stop 6"
930,I,Chauffeur 53,"Stop 9,Stop 8,Stop 4,Stop 10,Stop 6,Stop 3,Stop 7"
931,J,Chauffeur 97,"Stop 6,Stop 8,Stop 10,Stop 4,Stop 2,Stop 9,Stop 7"
932,C,Chauffeur 40,"Stop 4,Stop 3,Stop 6"
933,D,Chauffeur 26,"Stop 5,Stop 7,Stop 10,Stop 1,Stop 9,Stop 2"
934,A,Chauffeur 20,"Stop 8,Stop 9,Stop 10"
935,A,Chauffeur 56,"Stop 10,Stop 6,Stop 4,Stop 3,Stop 9,Stop 7,Stop 8,Stop 1,Stop 5,Stop 2"
936,H,Chauffeur 45,"Stop 1,Stop 4,Stop 8,Stop 3,Stop 9,Stop 7,Stop 6,Stop 2,Stop 10"
937,J,Chauffeur 17,"Stop 7,Stop 5,Stop 4,Stop 10"
938,A,Chauffeur 71,"Stop 2,Stop 5,Stop 9,Stop 4,Stop 1,Stop 7,Stop 10"
939,I,Chauffeur 86,"Stop 8,Stop 7,Stop 1,Stop 9,Stop 4,Stop 6,Stop 3,Stop 10"
940,E,Chauffeur 47,"Stop 1,Stop 9,Stop 3,Stop 4,Stop 8,Stop 6,Stop 2"
941,E,Chauffeur 11,"Stop 10,Stop 2,Stop 4"
942,G,Chauffeur 43,"Stop 6,Stop 2,Stop 3,Stop 9,Stop 7,Stop 8,Stop 10,Stop 5"
943,H,Chauffeur 89,"Stop 10,Stop 5,Stop 6,Stop 2,Stop 3,Stop 8,Stop 7,Stop 4,Stop 9"
944,H,Chauffeur 70,"Stop 10,Stop 8,Stop 9,Stop 5,Stop 6,Stop 3,Stop 7,Stop 4,Stop 2"
945,A,Chauffeur 31,"Stop 5,Stop 10,Stop 3,Stop 1,Stop 2,Stop 4,Stop 8"
946,F,Chauffeur 10,"Stop 4,Stop 10,Stop 9"
947,G,Chauffeur 61,"Stop 3,Stop 8,Stop 4,Stop 1,Stop 6,Stop 7,Stop 10,Stop 9"
948,I,Chauffeur 98,"Stop 8,Stop 2,Stop 6,Stop 7,Stop 3,Stop 9,Stop 10,Stop 5,Stop 1,Stop 4"
949,A,Chauffeur 57,"Stop 6,Stop 7,Stop 9,Stop 10,Stop 3,Stop 1,Stop 4,Stop 8"
950,A,Chauffeur 58,"Stop 1,Stop 2,Stop 5,Stop 3,Stop 8,Stop 10,Stop 4"
951,H,Chauffeur 44,"Stop 4,Stop 8,Stop 5,Stop 9,Stop 10,Stop 7"
952,B,Chauffeur 77,"Stop 4,Stop 7,Stop 5,Stop 1,Stop 10,Stop 9,Stop 3,Stop 6"
953,C,Chauffeur 39,"Stop 9,Stop 3,Stop 10,Stop 4,Stop 8,Stop 1"
954,H,Chauffeur 35,"Stop 1,Stop 9,Stop 10,Stop 5,Stop 8,Stop 7,Stop 6,Stop 4"
955,J,Chauffeur 48,"Stop 1,Stop 4,Stop 3,Stop 5,Stop 6,Stop 9,Stop 8"
956,B,Chauffeur 5,"Stop 8,Stop 5,Stop 7,Stop 3,Stop 1,Stop 2,Stop 9"
957,I,Chauffeur 95,"Stop 4,Stop 9,Stop 6,Stop 7,Stop 1,Stop 10,Stop 2,Stop 5,Stop 8"
958,H,Chauffeur 10,"Stop 2,Stop 9,Stop 10,Stop 7"
959,H,Chauffeur 2,"Stop 8,Stop 7,Stop 2"
960,J,Chauffeur 65,"Stop 2,Stop 10,Stop 6,Stop 4,Stop 8,Stop 3,Stop 5,Stop 1"
961,A,Chauffeur 19,"Stop 4,Stop 2,Stop 7,Stop 1,Stop 10,Stop 3,Stop 6,Stop 8,Stop 9"
962,D,Chauffeur 98,"Stop 5,Stop 8,Stop 3,Stop 10,Stop 1,Stop 7,Stop 6,Stop 4,Stop 9"
963,B,Chauffeur 92,"Stop 9,Stop 5,Stop 6,Stop 2,Stop 4,Stop 3,Stop 1,Stop 10"
964,I,Chauffeur 86,"Stop 10,Stop 8,Stop 4,Stop 1,Stop 5,Stop 9,Stop 3"
965,F,Chauffeur 16,"Stop 7,Stop 8,Stop 5"
966,I,Chauffeur 21,"Stop 4,Stop 10,Stop 9,Stop 1,Stop 8,Stop 6,Stop 7,Stop 5,Stop 2,Stop 3"
967,A,Chauffeur 75,"Stop 7,Stop 9,Stop 1"
968,J,Chauffeur 51,"Stop 1,Stop 4,Stop 8,Stop 3,Stop 2,Stop 10,Stop 6,Stop 5,Stop 9"
969,A,Chauffeur 57,"Stop 7,Stop 6,Stop 1"
970,J,Chauffeur 5,"Stop 2,Stop 7,Stop 5"
971,E,Chauffeur 15,"Stop 1,Stop 6,Stop 10,Stop 9,Stop 8"
972,F,Chauffeur 43,"Stop 6,Stop 10,Stop 5"
973,H,Chauffeur 61,"Stop 2,Stop 9,Stop 5,Stop 6,Stop 4,Stop 8"
974,J,Chauffeur 91,"Stop 7,Stop 10,Stop 9,Stop 3"
975,D,Chauffeur 9,"Stop 2,Stop 10,Stop 1,Stop 8,Stop 7,Stop 3,Stop 6"
976,D,Chauffeur 6,"Stop 10,Stop 9,Stop 7,Stop 4,Stop 5,Stop 8"
977,H,Chauffeur 82,"Stop 6,Stop 1,Stop 4,Stop 7,Stop 2,Stop 9,Stop 10,Stop 3,Stop 5,Stop 8"
978,G,Chauffeur 32,"Stop 4,Stop 3,Stop 5"
979,I,Chauffeur 75,"Stop 3,Stop 2,Stop 4,Stop 10,Stop 6,Stop 7"
980,H,Chauffeur 1,"Stop 5,Stop 10,Stop 1,Stop 3"
981,B,Chauffeur 39,"Stop 6,Stop 4,Stop 1"
982,G,Chauffeur 73,"Stop 4,Stop 2,Stop 1,Stop 3,Stop 8,Stop 9"
983,D,Chauffeur 20,"Stop 10,Stop 6,Stop 7,Stop 5,Stop 1,Stop 2"
984,I,Chauffeur 20,"Stop 4,Stop 2,Stop 9,Stop 8,Stop 1,Stop 6,Stop 7,Stop 10,Stop 5,Stop 3"
985,H,Chauffeur 75,"Stop 10,Stop 9,Stop 2,Stop 1,Stop 6,Stop 4,Stop 8"
986,H,Chauffeur 92,"Stop 2,Stop 6,Stop 3"
987,C,Chauffeur 32,"Stop 8,Stop 10,Stop 5,Stop 9,Stop 7,Stop 6,Stop 4,Stop 3"
988,J,Chauffeur 15,"Stop 9,Stop 1,Stop 10,Stop 2,Stop 7,Stop 5,Stop 4,Stop 6,Stop 3,Stop 8"
989,J,Chauffeur 93,"Stop 4,Stop 10,Stop 3,Stop 8,Stop 5,Stop 6,Stop 2,Stop 9,Stop 1"
990,F,Chauffeur 87,"Stop 8,Stop 10,Stop 2"
991,B,Chauffeur 82,"Stop 1,Stop 9,Stop 7,Stop 5"
992,A,Chauffeur 46,"Stop 1,Stop 2,Stop 3,Stop 5,Stop 9,Stop 7,Stop 10,Stop 4,Stop 6"
993,J,Chauffeur 25,"Stop 6,Stop 4,Stop 7,Stop 2"
994,E,Chauffeur 56,"Stop 6,Stop 5,Stop 9,Stop 4"
995,E,Chauffeur 82,"Stop 2,Stop 7,Stop 3,Stop 9,Stop 8"
996,F,Chauffeur 80,"Stop 1,Stop 2,Stop 4,Stop 7,Stop 3,Stop 9,Stop 10,Stop 6,Stop 5"
997,F,Chauffeur 59,"Stop 8,Stop 10,Stop 2,Stop 5,Stop 4,Stop 6,Stop 1,Stop 9,Stop 7"
998,C,Chauffeur 51,"Stop 3,Stop 6,Stop 10,Stop 9"
999,C,Chauffeur 47,"Stop 8,Stop 6,Stop 3,Stop 1,Stop 2,Stop 7,Stop 10,Stop 5,Stop 9,Stop 4"
1000,A,Chauffeur 40,"Stop 3,Stop 5,Stop 4,Stop 6,Stop 7,Stop 2,Stop 1"
